<?xml version="1.0" encoding="UTF-8" standalone="yes"?>
<ENTITY>
    <INSTANCE xmlns:xsi="http://www.w3.org/2001/XMLSchema-instance" xsi:type="modelCompartment">
        <abbreviation>in</abbreviation>
        <idcompartment>1</idcompartment>
        <name>inside</name>
    </INSTANCE>
    <intancesClass>pt.uminho.ceb.biosystems.merlin.entities.model.ModelCompartment</intancesClass>
	 <INSTANCE xmlns:xsi="http://www.w3.org/2001/XMLSchema-instance" xsi:type="modelCompartment">
        <abbreviation>out</abbreviation>
        <idcompartment>2</idcompartment>
        <name>outside</name>
    </INSTANCE>
    <intancesClass>pt.uminho.ceb.biosystems.merlin.entities.model.ModelCompartment</intancesClass>
</ENTITY>
