<?xml version="1.0" encoding="UTF-8" standalone="yes"?>
<ENTITY>
    <INSTANCE xmlns:xsi="http://www.w3.org/2001/XMLSchema-instance" xsi:type="modelPathway">
        <code></code>
        <idpathway>1</idpathway>
        <name>Genetic Information Processing</name>
    </INSTANCE>
    <INSTANCE xmlns:xsi="http://www.w3.org/2001/XMLSchema-instance" xsi:type="modelPathway">
        <code></code>
        <idpathway>2</idpathway>
        <name>Translation</name>
    </INSTANCE>
    <INSTANCE xmlns:xsi="http://www.w3.org/2001/XMLSchema-instance" xsi:type="modelPathway">
        <code></code>
        <idpathway>3</idpathway>
        <name>Metabolism</name>
    </INSTANCE>
    <INSTANCE xmlns:xsi="http://www.w3.org/2001/XMLSchema-instance" xsi:type="modelPathway">
        <code></code>
        <idpathway>4</idpathway>
        <name>Cellular Processes</name>
    </INSTANCE>
    <INSTANCE xmlns:xsi="http://www.w3.org/2001/XMLSchema-instance" xsi:type="modelPathway">
        <code></code>
        <idpathway>5</idpathway>
        <name>Energy metabolism</name>
    </INSTANCE>
    <INSTANCE xmlns:xsi="http://www.w3.org/2001/XMLSchema-instance" xsi:type="modelPathway">
        <code></code>
        <idpathway>6</idpathway>
        <name>Cell motility</name>
    </INSTANCE>
    <INSTANCE xmlns:xsi="http://www.w3.org/2001/XMLSchema-instance" xsi:type="modelPathway">
        <code></code>
        <idpathway>7</idpathway>
        <name>Environmental Information Processing</name>
    </INSTANCE>
    <INSTANCE xmlns:xsi="http://www.w3.org/2001/XMLSchema-instance" xsi:type="modelPathway">
        <code></code>
        <idpathway>8</idpathway>
        <name>Signal transduction</name>
    </INSTANCE>
    <INSTANCE xmlns:xsi="http://www.w3.org/2001/XMLSchema-instance" xsi:type="modelPathway">
        <code></code>
        <idpathway>9</idpathway>
        <name>Cell growth and death</name>
    </INSTANCE>
    <INSTANCE xmlns:xsi="http://www.w3.org/2001/XMLSchema-instance" xsi:type="modelPathway">
        <code>00970</code>
        <idpathway>10</idpathway>
        <name>Aminoacyl-tRNA biosynthesis</name>
    </INSTANCE>
    <INSTANCE xmlns:xsi="http://www.w3.org/2001/XMLSchema-instance" xsi:type="modelPathway">
        <code>00710</code>
        <idpathway>11</idpathway>
        <name>Carbon fixation in photosynthetic organisms</name>
    </INSTANCE>
    <INSTANCE xmlns:xsi="http://www.w3.org/2001/XMLSchema-instance" xsi:type="modelPathway">
        <code>04070</code>
        <idpathway>12</idpathway>
        <name>Phosphatidylinositol signaling system</name>
    </INSTANCE>
    <INSTANCE xmlns:xsi="http://www.w3.org/2001/XMLSchema-instance" xsi:type="modelPathway">
        <code></code>
        <idpathway>13</idpathway>
        <name>Transport and catabolism</name>
    </INSTANCE>
    <INSTANCE xmlns:xsi="http://www.w3.org/2001/XMLSchema-instance" xsi:type="modelPathway">
        <code></code>
        <idpathway>14</idpathway>
        <name>Transcription</name>
    </INSTANCE>
    <INSTANCE xmlns:xsi="http://www.w3.org/2001/XMLSchema-instance" xsi:type="modelPathway">
        <code></code>
        <idpathway>15</idpathway>
        <name>Signaling molecules and interaction</name>
    </INSTANCE>
    <INSTANCE xmlns:xsi="http://www.w3.org/2001/XMLSchema-instance" xsi:type="modelPathway">
        <code></code>
        <idpathway>16</idpathway>
        <name>Membrane transport</name>
    </INSTANCE>
    <INSTANCE xmlns:xsi="http://www.w3.org/2001/XMLSchema-instance" xsi:type="modelPathway">
        <code></code>
        <idpathway>17</idpathway>
        <name>Cellular community - prokaryotes</name>
    </INSTANCE>
    <INSTANCE xmlns:xsi="http://www.w3.org/2001/XMLSchema-instance" xsi:type="modelPathway">
        <code></code>
        <idpathway>18</idpathway>
        <name>Folding, sorting and degradation</name>
    </INSTANCE>
    <INSTANCE xmlns:xsi="http://www.w3.org/2001/XMLSchema-instance" xsi:type="modelPathway">
        <code>00720</code>
        <idpathway>19</idpathway>
        <name>Carbon fixation pathways in prokaryotes</name>
    </INSTANCE>
    <INSTANCE xmlns:xsi="http://www.w3.org/2001/XMLSchema-instance" xsi:type="modelPathway">
        <code></code>
        <idpathway>20</idpathway>
        <name>Organismal Systems</name>
    </INSTANCE>
    <INSTANCE xmlns:xsi="http://www.w3.org/2001/XMLSchema-instance" xsi:type="modelPathway">
        <code></code>
        <idpathway>21</idpathway>
        <name>Development and regeneration</name>
    </INSTANCE>
    <INSTANCE xmlns:xsi="http://www.w3.org/2001/XMLSchema-instance" xsi:type="modelPathway">
        <code></code>
        <idpathway>22</idpathway>
        <name>Endocrine system</name>
    </INSTANCE>
    <INSTANCE xmlns:xsi="http://www.w3.org/2001/XMLSchema-instance" xsi:type="modelPathway">
        <code></code>
        <idpathway>23</idpathway>
        <name>Cellular community - eukaryotes</name>
    </INSTANCE>
    <INSTANCE xmlns:xsi="http://www.w3.org/2001/XMLSchema-instance" xsi:type="modelPathway">
        <code>00680</code>
        <idpathway>24</idpathway>
        <name>Methane metabolism</name>
    </INSTANCE>
    <INSTANCE xmlns:xsi="http://www.w3.org/2001/XMLSchema-instance" xsi:type="modelPathway">
        <code></code>
        <idpathway>25</idpathway>
        <name>Replication and repair</name>
    </INSTANCE>
    <INSTANCE xmlns:xsi="http://www.w3.org/2001/XMLSchema-instance" xsi:type="modelPathway">
        <code></code>
        <idpathway>26</idpathway>
        <name>Digestive system</name>
    </INSTANCE>
    <INSTANCE xmlns:xsi="http://www.w3.org/2001/XMLSchema-instance" xsi:type="modelPathway">
        <code>00910</code>
        <idpathway>27</idpathway>
        <name>Nitrogen metabolism</name>
    </INSTANCE>
    <INSTANCE xmlns:xsi="http://www.w3.org/2001/XMLSchema-instance" xsi:type="modelPathway">
        <code></code>
        <idpathway>28</idpathway>
        <name>Human Diseases</name>
    </INSTANCE>
    <INSTANCE xmlns:xsi="http://www.w3.org/2001/XMLSchema-instance" xsi:type="modelPathway">
        <code></code>
        <idpathway>29</idpathway>
        <name>Endocrine and metabolic disease</name>
    </INSTANCE>
    <INSTANCE xmlns:xsi="http://www.w3.org/2001/XMLSchema-instance" xsi:type="modelPathway">
        <code></code>
        <idpathway>30</idpathway>
        <name>Aging</name>
    </INSTANCE>
    <INSTANCE xmlns:xsi="http://www.w3.org/2001/XMLSchema-instance" xsi:type="modelPathway">
        <code>00920</code>
        <idpathway>31</idpathway>
        <name>Sulfur metabolism</name>
    </INSTANCE>
    <INSTANCE xmlns:xsi="http://www.w3.org/2001/XMLSchema-instance" xsi:type="modelPathway">
        <code></code>
        <idpathway>32</idpathway>
        <name>Excretory system</name>
    </INSTANCE>
    <INSTANCE xmlns:xsi="http://www.w3.org/2001/XMLSchema-instance" xsi:type="modelPathway">
        <code></code>
        <idpathway>33</idpathway>
        <name>Metabolism of other amino acids</name>
    </INSTANCE>
    <INSTANCE xmlns:xsi="http://www.w3.org/2001/XMLSchema-instance" xsi:type="modelPathway">
        <code></code>
        <idpathway>34</idpathway>
        <name>Cancer: specific types</name>
    </INSTANCE>
    <INSTANCE xmlns:xsi="http://www.w3.org/2001/XMLSchema-instance" xsi:type="modelPathway">
        <code></code>
        <idpathway>35</idpathway>
        <name>Drug resistance: antineoplastic</name>
    </INSTANCE>
    <INSTANCE xmlns:xsi="http://www.w3.org/2001/XMLSchema-instance" xsi:type="modelPathway">
        <code>00410</code>
        <idpathway>36</idpathway>
        <name>beta-Alanine metabolism</name>
    </INSTANCE>
    <INSTANCE xmlns:xsi="http://www.w3.org/2001/XMLSchema-instance" xsi:type="modelPathway">
        <code></code>
        <idpathway>37</idpathway>
        <name>Nervous system</name>
    </INSTANCE>
    <INSTANCE xmlns:xsi="http://www.w3.org/2001/XMLSchema-instance" xsi:type="modelPathway">
        <code></code>
        <idpathway>38</idpathway>
        <name>Neurodegenerative disease</name>
    </INSTANCE>
    <INSTANCE xmlns:xsi="http://www.w3.org/2001/XMLSchema-instance" xsi:type="modelPathway">
        <code>00430</code>
        <idpathway>39</idpathway>
        <name>Taurine and hypotaurine metabolism</name>
    </INSTANCE>
    <INSTANCE xmlns:xsi="http://www.w3.org/2001/XMLSchema-instance" xsi:type="modelPathway">
        <code></code>
        <idpathway>40</idpathway>
        <name>Environmental adaptation</name>
    </INSTANCE>
    <INSTANCE xmlns:xsi="http://www.w3.org/2001/XMLSchema-instance" xsi:type="modelPathway">
        <code></code>
        <idpathway>41</idpathway>
        <name>Cardiovascular disease</name>
    </INSTANCE>
    <INSTANCE xmlns:xsi="http://www.w3.org/2001/XMLSchema-instance" xsi:type="modelPathway">
        <code>00440</code>
        <idpathway>42</idpathway>
        <name>Phosphonate and phosphinate metabolism</name>
    </INSTANCE>
    <INSTANCE xmlns:xsi="http://www.w3.org/2001/XMLSchema-instance" xsi:type="modelPathway">
        <code></code>
        <idpathway>43</idpathway>
        <name>Circulatory system</name>
    </INSTANCE>
    <INSTANCE xmlns:xsi="http://www.w3.org/2001/XMLSchema-instance" xsi:type="modelPathway">
        <code></code>
        <idpathway>44</idpathway>
        <name>Immune disease</name>
    </INSTANCE>
    <INSTANCE xmlns:xsi="http://www.w3.org/2001/XMLSchema-instance" xsi:type="modelPathway">
        <code>00450</code>
        <idpathway>45</idpathway>
        <name>Selenocompound metabolism</name>
    </INSTANCE>
    <INSTANCE xmlns:xsi="http://www.w3.org/2001/XMLSchema-instance" xsi:type="modelPathway">
        <code></code>
        <idpathway>46</idpathway>
        <name>Substance dependence</name>
    </INSTANCE>
    <INSTANCE xmlns:xsi="http://www.w3.org/2001/XMLSchema-instance" xsi:type="modelPathway">
        <code></code>
        <idpathway>47</idpathway>
        <name>Sensory system</name>
    </INSTANCE>
    <INSTANCE xmlns:xsi="http://www.w3.org/2001/XMLSchema-instance" xsi:type="modelPathway">
        <code></code>
        <idpathway>48</idpathway>
        <name>Immune system</name>
    </INSTANCE>
    <INSTANCE xmlns:xsi="http://www.w3.org/2001/XMLSchema-instance" xsi:type="modelPathway">
        <code></code>
        <idpathway>49</idpathway>
        <name>Drug resistance: antimicrobial</name>
    </INSTANCE>
    <INSTANCE xmlns:xsi="http://www.w3.org/2001/XMLSchema-instance" xsi:type="modelPathway">
        <code>00460</code>
        <idpathway>50</idpathway>
        <name>Cyanoamino acid metabolism</name>
    </INSTANCE>
    <INSTANCE xmlns:xsi="http://www.w3.org/2001/XMLSchema-instance" xsi:type="modelPathway">
        <code>00471</code>
        <idpathway>51</idpathway>
        <name>D-Glutamine and D-glutamate metabolism</name>
    </INSTANCE>
    <INSTANCE xmlns:xsi="http://www.w3.org/2001/XMLSchema-instance" xsi:type="modelPathway">
        <code></code>
        <idpathway>52</idpathway>
        <name>Infectious disease: bacterial</name>
    </INSTANCE>
    <INSTANCE xmlns:xsi="http://www.w3.org/2001/XMLSchema-instance" xsi:type="modelPathway">
        <code></code>
        <idpathway>53</idpathway>
        <name>Infectious disease: parasitic</name>
    </INSTANCE>
    <INSTANCE xmlns:xsi="http://www.w3.org/2001/XMLSchema-instance" xsi:type="modelPathway">
        <code>00472</code>
        <idpathway>54</idpathway>
        <name>D-Arginine and D-ornithine metabolism</name>
    </INSTANCE>
    <INSTANCE xmlns:xsi="http://www.w3.org/2001/XMLSchema-instance" xsi:type="modelPathway">
        <code></code>
        <idpathway>55</idpathway>
        <name>Infectious disease: viral</name>
    </INSTANCE>
    <INSTANCE xmlns:xsi="http://www.w3.org/2001/XMLSchema-instance" xsi:type="modelPathway">
        <code></code>
        <idpathway>56</idpathway>
        <name>Cancer: overview</name>
    </INSTANCE>
    <INSTANCE xmlns:xsi="http://www.w3.org/2001/XMLSchema-instance" xsi:type="modelPathway">
        <code>00473</code>
        <idpathway>57</idpathway>
        <name>D-Alanine metabolism</name>
    </INSTANCE>
    <INSTANCE xmlns:xsi="http://www.w3.org/2001/XMLSchema-instance" xsi:type="modelPathway">
        <code>00480</code>
        <idpathway>58</idpathway>
        <name>Glutathione metabolism</name>
    </INSTANCE>
    <INSTANCE xmlns:xsi="http://www.w3.org/2001/XMLSchema-instance" xsi:type="modelPathway">
        <code></code>
        <idpathway>59</idpathway>
        <name>Global and overview maps</name>
    </INSTANCE>
    <INSTANCE xmlns:xsi="http://www.w3.org/2001/XMLSchema-instance" xsi:type="modelPathway">
        <code>01100</code>
        <idpathway>60</idpathway>
        <name>Metabolic pathways</name>
    </INSTANCE>
    <INSTANCE xmlns:xsi="http://www.w3.org/2001/XMLSchema-instance" xsi:type="modelPathway">
        <code>01110</code>
        <idpathway>61</idpathway>
        <name>Biosynthesis of secondary metabolites</name>
    </INSTANCE>
    <INSTANCE xmlns:xsi="http://www.w3.org/2001/XMLSchema-instance" xsi:type="modelPathway">
        <code>01120</code>
        <idpathway>62</idpathway>
        <name>Microbial metabolism in diverse environments</name>
    </INSTANCE>
    <INSTANCE xmlns:xsi="http://www.w3.org/2001/XMLSchema-instance" xsi:type="modelPathway">
        <code>01130</code>
        <idpathway>63</idpathway>
        <name>Biosynthesis of antibiotics</name>
    </INSTANCE>
    <INSTANCE xmlns:xsi="http://www.w3.org/2001/XMLSchema-instance" xsi:type="modelPathway">
        <code>01200</code>
        <idpathway>64</idpathway>
        <name>Carbon metabolism</name>
    </INSTANCE>
    <INSTANCE xmlns:xsi="http://www.w3.org/2001/XMLSchema-instance" xsi:type="modelPathway">
        <code>01210</code>
        <idpathway>65</idpathway>
        <name>2-Oxocarboxylic acid metabolism</name>
    </INSTANCE>
    <INSTANCE xmlns:xsi="http://www.w3.org/2001/XMLSchema-instance" xsi:type="modelPathway">
        <code>01212</code>
        <idpathway>66</idpathway>
        <name>Fatty acid metabolism</name>
    </INSTANCE>
    <INSTANCE xmlns:xsi="http://www.w3.org/2001/XMLSchema-instance" xsi:type="modelPathway">
        <code>01230</code>
        <idpathway>67</idpathway>
        <name>Biosynthesis of amino acids</name>
    </INSTANCE>
    <INSTANCE xmlns:xsi="http://www.w3.org/2001/XMLSchema-instance" xsi:type="modelPathway">
        <code>01220</code>
        <idpathway>68</idpathway>
        <name>Degradation of aromatic compounds</name>
    </INSTANCE>
    <INSTANCE xmlns:xsi="http://www.w3.org/2001/XMLSchema-instance" xsi:type="modelPathway">
        <code></code>
        <idpathway>69</idpathway>
        <name>Carbohydrate metabolism</name>
    </INSTANCE>
    <INSTANCE xmlns:xsi="http://www.w3.org/2001/XMLSchema-instance" xsi:type="modelPathway">
        <code>00010</code>
        <idpathway>70</idpathway>
        <name>Glycolysis / Gluconeogenesis</name>
    </INSTANCE>
    <INSTANCE xmlns:xsi="http://www.w3.org/2001/XMLSchema-instance" xsi:type="modelPathway">
        <code>00020</code>
        <idpathway>71</idpathway>
        <name>Citrate cycle (TCA cycle)</name>
    </INSTANCE>
    <INSTANCE xmlns:xsi="http://www.w3.org/2001/XMLSchema-instance" xsi:type="modelPathway">
        <code>00030</code>
        <idpathway>72</idpathway>
        <name>Pentose phosphate pathway</name>
    </INSTANCE>
    <INSTANCE xmlns:xsi="http://www.w3.org/2001/XMLSchema-instance" xsi:type="modelPathway">
        <code>00040</code>
        <idpathway>73</idpathway>
        <name>Pentose and glucuronate interconversions</name>
    </INSTANCE>
    <INSTANCE xmlns:xsi="http://www.w3.org/2001/XMLSchema-instance" xsi:type="modelPathway">
        <code>00051</code>
        <idpathway>74</idpathway>
        <name>Fructose and mannose metabolism</name>
    </INSTANCE>
    <INSTANCE xmlns:xsi="http://www.w3.org/2001/XMLSchema-instance" xsi:type="modelPathway">
        <code>00052</code>
        <idpathway>75</idpathway>
        <name>Galactose metabolism</name>
    </INSTANCE>
    <INSTANCE xmlns:xsi="http://www.w3.org/2001/XMLSchema-instance" xsi:type="modelPathway">
        <code>00053</code>
        <idpathway>76</idpathway>
        <name>Ascorbate and aldarate metabolism</name>
    </INSTANCE>
    <INSTANCE xmlns:xsi="http://www.w3.org/2001/XMLSchema-instance" xsi:type="modelPathway">
        <code>00500</code>
        <idpathway>77</idpathway>
        <name>Starch and sucrose metabolism</name>
    </INSTANCE>
    <INSTANCE xmlns:xsi="http://www.w3.org/2001/XMLSchema-instance" xsi:type="modelPathway">
        <code>00520</code>
        <idpathway>78</idpathway>
        <name>Amino sugar and nucleotide sugar metabolism</name>
    </INSTANCE>
    <INSTANCE xmlns:xsi="http://www.w3.org/2001/XMLSchema-instance" xsi:type="modelPathway">
        <code>00620</code>
        <idpathway>79</idpathway>
        <name>Pyruvate metabolism</name>
    </INSTANCE>
    <INSTANCE xmlns:xsi="http://www.w3.org/2001/XMLSchema-instance" xsi:type="modelPathway">
        <code>00630</code>
        <idpathway>80</idpathway>
        <name>Glyoxylate and dicarboxylate metabolism</name>
    </INSTANCE>
    <INSTANCE xmlns:xsi="http://www.w3.org/2001/XMLSchema-instance" xsi:type="modelPathway">
        <code>00640</code>
        <idpathway>81</idpathway>
        <name>Propanoate metabolism</name>
    </INSTANCE>
    <INSTANCE xmlns:xsi="http://www.w3.org/2001/XMLSchema-instance" xsi:type="modelPathway">
        <code>00650</code>
        <idpathway>82</idpathway>
        <name>Butanoate metabolism</name>
    </INSTANCE>
    <INSTANCE xmlns:xsi="http://www.w3.org/2001/XMLSchema-instance" xsi:type="modelPathway">
        <code>00660</code>
        <idpathway>83</idpathway>
        <name>C5-Branched dibasic acid metabolism</name>
    </INSTANCE>
    <INSTANCE xmlns:xsi="http://www.w3.org/2001/XMLSchema-instance" xsi:type="modelPathway">
        <code>00562</code>
        <idpathway>84</idpathway>
        <name>Inositol phosphate metabolism</name>
    </INSTANCE>
    <INSTANCE xmlns:xsi="http://www.w3.org/2001/XMLSchema-instance" xsi:type="modelPathway">
        <code></code>
        <idpathway>85</idpathway>
        <name>Amino acid metabolism</name>
    </INSTANCE>
    <INSTANCE xmlns:xsi="http://www.w3.org/2001/XMLSchema-instance" xsi:type="modelPathway">
        <code>00250</code>
        <idpathway>86</idpathway>
        <name>Alanine, aspartate and glutamate metabolism</name>
    </INSTANCE>
    <INSTANCE xmlns:xsi="http://www.w3.org/2001/XMLSchema-instance" xsi:type="modelPathway">
        <code>00260</code>
        <idpathway>87</idpathway>
        <name>Glycine, serine and threonine metabolism</name>
    </INSTANCE>
    <INSTANCE xmlns:xsi="http://www.w3.org/2001/XMLSchema-instance" xsi:type="modelPathway">
        <code>00270</code>
        <idpathway>88</idpathway>
        <name>Cysteine and methionine metabolism</name>
    </INSTANCE>
    <INSTANCE xmlns:xsi="http://www.w3.org/2001/XMLSchema-instance" xsi:type="modelPathway">
        <code>00280</code>
        <idpathway>89</idpathway>
        <name>Valine, leucine and isoleucine degradation</name>
    </INSTANCE>
    <INSTANCE xmlns:xsi="http://www.w3.org/2001/XMLSchema-instance" xsi:type="modelPathway">
        <code>00290</code>
        <idpathway>90</idpathway>
        <name>Valine, leucine and isoleucine biosynthesis</name>
    </INSTANCE>
    <INSTANCE xmlns:xsi="http://www.w3.org/2001/XMLSchema-instance" xsi:type="modelPathway">
        <code>00300</code>
        <idpathway>91</idpathway>
        <name>Lysine biosynthesis</name>
    </INSTANCE>
    <INSTANCE xmlns:xsi="http://www.w3.org/2001/XMLSchema-instance" xsi:type="modelPathway">
        <code>00310</code>
        <idpathway>92</idpathway>
        <name>Lysine degradation</name>
    </INSTANCE>
    <INSTANCE xmlns:xsi="http://www.w3.org/2001/XMLSchema-instance" xsi:type="modelPathway">
        <code>00220</code>
        <idpathway>93</idpathway>
        <name>Arginine biosynthesis</name>
    </INSTANCE>
    <INSTANCE xmlns:xsi="http://www.w3.org/2001/XMLSchema-instance" xsi:type="modelPathway">
        <code>00330</code>
        <idpathway>94</idpathway>
        <name>Arginine and proline metabolism</name>
    </INSTANCE>
    <INSTANCE xmlns:xsi="http://www.w3.org/2001/XMLSchema-instance" xsi:type="modelPathway">
        <code>00340</code>
        <idpathway>95</idpathway>
        <name>Histidine metabolism</name>
    </INSTANCE>
    <INSTANCE xmlns:xsi="http://www.w3.org/2001/XMLSchema-instance" xsi:type="modelPathway">
        <code>00350</code>
        <idpathway>96</idpathway>
        <name>Tyrosine metabolism</name>
    </INSTANCE>
    <INSTANCE xmlns:xsi="http://www.w3.org/2001/XMLSchema-instance" xsi:type="modelPathway">
        <code>00360</code>
        <idpathway>97</idpathway>
        <name>Phenylalanine metabolism</name>
    </INSTANCE>
    <INSTANCE xmlns:xsi="http://www.w3.org/2001/XMLSchema-instance" xsi:type="modelPathway">
        <code>00380</code>
        <idpathway>98</idpathway>
        <name>Tryptophan metabolism</name>
    </INSTANCE>
    <INSTANCE xmlns:xsi="http://www.w3.org/2001/XMLSchema-instance" xsi:type="modelPathway">
        <code>00400</code>
        <idpathway>99</idpathway>
        <name>Phenylalanine, tyrosine and tryptophan biosynthesis</name>
    </INSTANCE>
    <INSTANCE xmlns:xsi="http://www.w3.org/2001/XMLSchema-instance" xsi:type="modelPathway">
        <code></code>
        <idpathway>100</idpathway>
        <name>Nucleotide metabolism</name>
    </INSTANCE>
    <INSTANCE xmlns:xsi="http://www.w3.org/2001/XMLSchema-instance" xsi:type="modelPathway">
        <code>00230</code>
        <idpathway>101</idpathway>
        <name>Purine metabolism</name>
    </INSTANCE>
    <INSTANCE xmlns:xsi="http://www.w3.org/2001/XMLSchema-instance" xsi:type="modelPathway">
        <code>00240</code>
        <idpathway>102</idpathway>
        <name>Pyrimidine metabolism</name>
    </INSTANCE>
    <INSTANCE xmlns:xsi="http://www.w3.org/2001/XMLSchema-instance" xsi:type="modelPathway">
        <code></code>
        <idpathway>103</idpathway>
        <name>Biosynthesis of other secondary metabolites</name>
    </INSTANCE>
    <INSTANCE xmlns:xsi="http://www.w3.org/2001/XMLSchema-instance" xsi:type="modelPathway">
        <code>00940</code>
        <idpathway>104</idpathway>
        <name>Phenylpropanoid biosynthesis</name>
    </INSTANCE>
    <INSTANCE xmlns:xsi="http://www.w3.org/2001/XMLSchema-instance" xsi:type="modelPathway">
        <code>00945</code>
        <idpathway>105</idpathway>
        <name>Stilbenoid, diarylheptanoid and gingerol biosynthesis</name>
    </INSTANCE>
    <INSTANCE xmlns:xsi="http://www.w3.org/2001/XMLSchema-instance" xsi:type="modelPathway">
        <code>00941</code>
        <idpathway>106</idpathway>
        <name>Flavonoid biosynthesis</name>
    </INSTANCE>
    <INSTANCE xmlns:xsi="http://www.w3.org/2001/XMLSchema-instance" xsi:type="modelPathway">
        <code>00944</code>
        <idpathway>107</idpathway>
        <name>Flavone and flavonol biosynthesis</name>
    </INSTANCE>
    <INSTANCE xmlns:xsi="http://www.w3.org/2001/XMLSchema-instance" xsi:type="modelPathway">
        <code>00942</code>
        <idpathway>108</idpathway>
        <name>Anthocyanin biosynthesis</name>
    </INSTANCE>
    <INSTANCE xmlns:xsi="http://www.w3.org/2001/XMLSchema-instance" xsi:type="modelPathway">
        <code>00943</code>
        <idpathway>109</idpathway>
        <name>Isoflavonoid biosynthesis</name>
    </INSTANCE>
    <INSTANCE xmlns:xsi="http://www.w3.org/2001/XMLSchema-instance" xsi:type="modelPathway">
        <code>00901</code>
        <idpathway>110</idpathway>
        <name>Indole alkaloid biosynthesis</name>
    </INSTANCE>
    <INSTANCE xmlns:xsi="http://www.w3.org/2001/XMLSchema-instance" xsi:type="modelPathway">
        <code>00403</code>
        <idpathway>111</idpathway>
        <name>Indole diterpene alkaloid biosynthesis</name>
    </INSTANCE>
    <INSTANCE xmlns:xsi="http://www.w3.org/2001/XMLSchema-instance" xsi:type="modelPathway">
        <code>00950</code>
        <idpathway>112</idpathway>
        <name>Isoquinoline alkaloid biosynthesis</name>
    </INSTANCE>
    <INSTANCE xmlns:xsi="http://www.w3.org/2001/XMLSchema-instance" xsi:type="modelPathway">
        <code>00960</code>
        <idpathway>113</idpathway>
        <name>Tropane, piperidine and pyridine alkaloid biosynthesis</name>
    </INSTANCE>
    <INSTANCE xmlns:xsi="http://www.w3.org/2001/XMLSchema-instance" xsi:type="modelPathway">
        <code>01058</code>
        <idpathway>114</idpathway>
        <name>Acridone alkaloid biosynthesis</name>
    </INSTANCE>
    <INSTANCE xmlns:xsi="http://www.w3.org/2001/XMLSchema-instance" xsi:type="modelPathway">
        <code>00232</code>
        <idpathway>115</idpathway>
        <name>Caffeine metabolism</name>
    </INSTANCE>
    <INSTANCE xmlns:xsi="http://www.w3.org/2001/XMLSchema-instance" xsi:type="modelPathway">
        <code>00965</code>
        <idpathway>116</idpathway>
        <name>Betalain biosynthesis</name>
    </INSTANCE>
    <INSTANCE xmlns:xsi="http://www.w3.org/2001/XMLSchema-instance" xsi:type="modelPathway">
        <code>00966</code>
        <idpathway>117</idpathway>
        <name>Glucosinolate biosynthesis</name>
    </INSTANCE>
    <INSTANCE xmlns:xsi="http://www.w3.org/2001/XMLSchema-instance" xsi:type="modelPathway">
        <code>00402</code>
        <idpathway>118</idpathway>
        <name>Benzoxazinoid biosynthesis</name>
    </INSTANCE>
    <INSTANCE xmlns:xsi="http://www.w3.org/2001/XMLSchema-instance" xsi:type="modelPathway">
        <code>00311</code>
        <idpathway>119</idpathway>
        <name>Penicillin and cephalosporin biosynthesis</name>
    </INSTANCE>
    <INSTANCE xmlns:xsi="http://www.w3.org/2001/XMLSchema-instance" xsi:type="modelPathway">
        <code>00332</code>
        <idpathway>120</idpathway>
        <name>Carbapenem biosynthesis</name>
    </INSTANCE>
    <INSTANCE xmlns:xsi="http://www.w3.org/2001/XMLSchema-instance" xsi:type="modelPathway">
        <code>00261</code>
        <idpathway>121</idpathway>
        <name>Monobactam biosynthesis</name>
    </INSTANCE>
    <INSTANCE xmlns:xsi="http://www.w3.org/2001/XMLSchema-instance" xsi:type="modelPathway">
        <code>00331</code>
        <idpathway>122</idpathway>
        <name>Clavulanic acid biosynthesis</name>
    </INSTANCE>
    <INSTANCE xmlns:xsi="http://www.w3.org/2001/XMLSchema-instance" xsi:type="modelPathway">
        <code>00521</code>
        <idpathway>123</idpathway>
        <name>Streptomycin biosynthesis</name>
    </INSTANCE>
    <INSTANCE xmlns:xsi="http://www.w3.org/2001/XMLSchema-instance" xsi:type="modelPathway">
        <code>00524</code>
        <idpathway>124</idpathway>
        <name>Neomycin, kanamycin and gentamicin biosynthesis</name>
    </INSTANCE>
    <INSTANCE xmlns:xsi="http://www.w3.org/2001/XMLSchema-instance" xsi:type="modelPathway">
        <code>00525</code>
        <idpathway>125</idpathway>
        <name>Acarbose and validamycin biosynthesis</name>
    </INSTANCE>
    <INSTANCE xmlns:xsi="http://www.w3.org/2001/XMLSchema-instance" xsi:type="modelPathway">
        <code>00401</code>
        <idpathway>126</idpathway>
        <name>Novobiocin biosynthesis</name>
    </INSTANCE>
    <INSTANCE xmlns:xsi="http://www.w3.org/2001/XMLSchema-instance" xsi:type="modelPathway">
        <code>00404</code>
        <idpathway>127</idpathway>
        <name>Staurosporine biosynthesis</name>
    </INSTANCE>
    <INSTANCE xmlns:xsi="http://www.w3.org/2001/XMLSchema-instance" xsi:type="modelPathway">
        <code>00405</code>
        <idpathway>128</idpathway>
        <name>Phenazine biosynthesis</name>
    </INSTANCE>
    <INSTANCE xmlns:xsi="http://www.w3.org/2001/XMLSchema-instance" xsi:type="modelPathway">
        <code>00333</code>
        <idpathway>129</idpathway>
        <name>Prodigiosin biosynthesis</name>
    </INSTANCE>
    <INSTANCE xmlns:xsi="http://www.w3.org/2001/XMLSchema-instance" xsi:type="modelPathway">
        <code>00254</code>
        <idpathway>130</idpathway>
        <name>Aflatoxin biosynthesis</name>
    </INSTANCE>
    <INSTANCE xmlns:xsi="http://www.w3.org/2001/XMLSchema-instance" xsi:type="modelPathway">
        <code>00999</code>
        <idpathway>131</idpathway>
        <name>Biosynthesis of various secondary metabolites - part 1</name>
    </INSTANCE>
    <INSTANCE xmlns:xsi="http://www.w3.org/2001/XMLSchema-instance" xsi:type="modelPathway">
        <code>00998</code>
        <idpathway>132</idpathway>
        <name>Biosynthesis of various secondary metabolites - part 2</name>
    </INSTANCE>
    <INSTANCE xmlns:xsi="http://www.w3.org/2001/XMLSchema-instance" xsi:type="modelPathway">
        <code>00997</code>
        <idpathway>133</idpathway>
        <name>Biosynthesis of various secondary metabolites - part 3</name>
    </INSTANCE>
    <INSTANCE xmlns:xsi="http://www.w3.org/2001/XMLSchema-instance" xsi:type="modelPathway">
        <code></code>
        <idpathway>134</idpathway>
        <name>Metabolism of terpenoids and polyketides</name>
    </INSTANCE>
    <INSTANCE xmlns:xsi="http://www.w3.org/2001/XMLSchema-instance" xsi:type="modelPathway">
        <code>00900</code>
        <idpathway>135</idpathway>
        <name>Terpenoid backbone biosynthesis</name>
    </INSTANCE>
    <INSTANCE xmlns:xsi="http://www.w3.org/2001/XMLSchema-instance" xsi:type="modelPathway">
        <code>00902</code>
        <idpathway>136</idpathway>
        <name>Monoterpenoid biosynthesis</name>
    </INSTANCE>
    <INSTANCE xmlns:xsi="http://www.w3.org/2001/XMLSchema-instance" xsi:type="modelPathway">
        <code>00909</code>
        <idpathway>137</idpathway>
        <name>Sesquiterpenoid and triterpenoid biosynthesis</name>
    </INSTANCE>
    <INSTANCE xmlns:xsi="http://www.w3.org/2001/XMLSchema-instance" xsi:type="modelPathway">
        <code>00904</code>
        <idpathway>138</idpathway>
        <name>Diterpenoid biosynthesis</name>
    </INSTANCE>
    <INSTANCE xmlns:xsi="http://www.w3.org/2001/XMLSchema-instance" xsi:type="modelPathway">
        <code>00906</code>
        <idpathway>139</idpathway>
        <name>Carotenoid biosynthesis</name>
    </INSTANCE>
    <INSTANCE xmlns:xsi="http://www.w3.org/2001/XMLSchema-instance" xsi:type="modelPathway">
        <code>00905</code>
        <idpathway>140</idpathway>
        <name>Brassinosteroid biosynthesis</name>
    </INSTANCE>
    <INSTANCE xmlns:xsi="http://www.w3.org/2001/XMLSchema-instance" xsi:type="modelPathway">
        <code>00981</code>
        <idpathway>141</idpathway>
        <name>Insect hormone biosynthesis</name>
    </INSTANCE>
    <INSTANCE xmlns:xsi="http://www.w3.org/2001/XMLSchema-instance" xsi:type="modelPathway">
        <code>00908</code>
        <idpathway>142</idpathway>
        <name>Zeatin biosynthesis</name>
    </INSTANCE>
    <INSTANCE xmlns:xsi="http://www.w3.org/2001/XMLSchema-instance" xsi:type="modelPathway">
        <code>00903</code>
        <idpathway>143</idpathway>
        <name>Limonene and pinene degradation</name>
    </INSTANCE>
    <INSTANCE xmlns:xsi="http://www.w3.org/2001/XMLSchema-instance" xsi:type="modelPathway">
        <code>00281</code>
        <idpathway>144</idpathway>
        <name>Geraniol degradation</name>
    </INSTANCE>
    <INSTANCE xmlns:xsi="http://www.w3.org/2001/XMLSchema-instance" xsi:type="modelPathway">
        <code>00522</code>
        <idpathway>145</idpathway>
        <name>Biosynthesis of 12-, 14- and 16-membered macrolides</name>
    </INSTANCE>
    <INSTANCE xmlns:xsi="http://www.w3.org/2001/XMLSchema-instance" xsi:type="modelPathway">
        <code>01051</code>
        <idpathway>146</idpathway>
        <name>Biosynthesis of ansamycins</name>
    </INSTANCE>
    <INSTANCE xmlns:xsi="http://www.w3.org/2001/XMLSchema-instance" xsi:type="modelPathway">
        <code>01059</code>
        <idpathway>147</idpathway>
        <name>Biosynthesis of enediyne antibiotics</name>
    </INSTANCE>
    <INSTANCE xmlns:xsi="http://www.w3.org/2001/XMLSchema-instance" xsi:type="modelPathway">
        <code>01056</code>
        <idpathway>148</idpathway>
        <name>Biosynthesis of type II polyketide backbone</name>
    </INSTANCE>
    <INSTANCE xmlns:xsi="http://www.w3.org/2001/XMLSchema-instance" xsi:type="modelPathway">
        <code>01057</code>
        <idpathway>149</idpathway>
        <name>Biosynthesis of type II polyketide products</name>
    </INSTANCE>
    <INSTANCE xmlns:xsi="http://www.w3.org/2001/XMLSchema-instance" xsi:type="modelPathway">
        <code>00253</code>
        <idpathway>150</idpathway>
        <name>Tetracycline biosynthesis</name>
    </INSTANCE>
    <INSTANCE xmlns:xsi="http://www.w3.org/2001/XMLSchema-instance" xsi:type="modelPathway">
        <code>00523</code>
        <idpathway>151</idpathway>
        <name>Polyketide sugar unit biosynthesis</name>
    </INSTANCE>
    <INSTANCE xmlns:xsi="http://www.w3.org/2001/XMLSchema-instance" xsi:type="modelPathway">
        <code>01053</code>
        <idpathway>152</idpathway>
        <name>Biosynthesis of siderophore group nonribosomal peptides</name>
    </INSTANCE>
    <INSTANCE xmlns:xsi="http://www.w3.org/2001/XMLSchema-instance" xsi:type="modelPathway">
        <code>01055</code>
        <idpathway>153</idpathway>
        <name>Biosynthesis of vancomycin group antibiotics</name>
    </INSTANCE>
    <INSTANCE xmlns:xsi="http://www.w3.org/2001/XMLSchema-instance" xsi:type="modelPathway">
        <code></code>
        <idpathway>154</idpathway>
        <name>Glycan biosynthesis and metabolism</name>
    </INSTANCE>
    <INSTANCE xmlns:xsi="http://www.w3.org/2001/XMLSchema-instance" xsi:type="modelPathway">
        <code>00510</code>
        <idpathway>155</idpathway>
        <name>N-Glycan biosynthesis</name>
    </INSTANCE>
    <INSTANCE xmlns:xsi="http://www.w3.org/2001/XMLSchema-instance" xsi:type="modelPathway">
        <code>00513</code>
        <idpathway>156</idpathway>
        <name>Various types of N-glycan biosynthesis</name>
    </INSTANCE>
    <INSTANCE xmlns:xsi="http://www.w3.org/2001/XMLSchema-instance" xsi:type="modelPathway">
        <code>00512</code>
        <idpathway>157</idpathway>
        <name>Mucin type O-glycan biosynthesis</name>
    </INSTANCE>
    <INSTANCE xmlns:xsi="http://www.w3.org/2001/XMLSchema-instance" xsi:type="modelPathway">
        <code>00515</code>
        <idpathway>158</idpathway>
        <name>Mannose type O-glycan biosynthesis</name>
    </INSTANCE>
    <INSTANCE xmlns:xsi="http://www.w3.org/2001/XMLSchema-instance" xsi:type="modelPathway">
        <code>00514</code>
        <idpathway>159</idpathway>
        <name>Other types of O-glycan biosynthesis</name>
    </INSTANCE>
    <INSTANCE xmlns:xsi="http://www.w3.org/2001/XMLSchema-instance" xsi:type="modelPathway">
        <code>00532</code>
        <idpathway>160</idpathway>
        <name>Glycosaminoglycan biosynthesis - chondroitin sulfate / dermatan sulfate</name>
    </INSTANCE>
    <INSTANCE xmlns:xsi="http://www.w3.org/2001/XMLSchema-instance" xsi:type="modelPathway">
        <code>00534</code>
        <idpathway>161</idpathway>
        <name>Glycosaminoglycan biosynthesis - heparan sulfate / heparin</name>
    </INSTANCE>
    <INSTANCE xmlns:xsi="http://www.w3.org/2001/XMLSchema-instance" xsi:type="modelPathway">
        <code>00531</code>
        <idpathway>162</idpathway>
        <name>Glycosaminoglycan degradation</name>
    </INSTANCE>
    <INSTANCE xmlns:xsi="http://www.w3.org/2001/XMLSchema-instance" xsi:type="modelPathway">
        <code>00563</code>
        <idpathway>163</idpathway>
        <name>Glycosylphosphatidylinositol (GPI)-anchor biosynthesis</name>
    </INSTANCE>
    <INSTANCE xmlns:xsi="http://www.w3.org/2001/XMLSchema-instance" xsi:type="modelPathway">
        <code>00601</code>
        <idpathway>164</idpathway>
        <name>Glycosphingolipid biosynthesis - lacto and neolacto series</name>
    </INSTANCE>
    <INSTANCE xmlns:xsi="http://www.w3.org/2001/XMLSchema-instance" xsi:type="modelPathway">
        <code>00603</code>
        <idpathway>165</idpathway>
        <name>Glycosphingolipid biosynthesis - globo and isoglobo series</name>
    </INSTANCE>
    <INSTANCE xmlns:xsi="http://www.w3.org/2001/XMLSchema-instance" xsi:type="modelPathway">
        <code>00604</code>
        <idpathway>166</idpathway>
        <name>Glycosphingolipid biosynthesis - ganglio series</name>
    </INSTANCE>
    <INSTANCE xmlns:xsi="http://www.w3.org/2001/XMLSchema-instance" xsi:type="modelPathway">
        <code>00540</code>
        <idpathway>167</idpathway>
        <name>Lipopolysaccharide biosynthesis</name>
    </INSTANCE>
    <INSTANCE xmlns:xsi="http://www.w3.org/2001/XMLSchema-instance" xsi:type="modelPathway">
        <code>00550</code>
        <idpathway>168</idpathway>
        <name>Peptidoglycan biosynthesis</name>
    </INSTANCE>
    <INSTANCE xmlns:xsi="http://www.w3.org/2001/XMLSchema-instance" xsi:type="modelPathway">
        <code>00571</code>
        <idpathway>169</idpathway>
        <name>Lipoarabinomannan (LAM) biosynthesis</name>
    </INSTANCE>
    <INSTANCE xmlns:xsi="http://www.w3.org/2001/XMLSchema-instance" xsi:type="modelPathway">
        <code>00572</code>
        <idpathway>170</idpathway>
        <name>Arabinogalactan biosynthesis - Mycobacterium</name>
    </INSTANCE>
    <INSTANCE xmlns:xsi="http://www.w3.org/2001/XMLSchema-instance" xsi:type="modelPathway">
        <code></code>
        <idpathway>171</idpathway>
        <name>Chemical structure transformation maps</name>
    </INSTANCE>
    <INSTANCE xmlns:xsi="http://www.w3.org/2001/XMLSchema-instance" xsi:type="modelPathway">
        <code></code>
        <idpathway>172</idpathway>
        <name>Xenobiotics biodegradation and metabolism</name>
    </INSTANCE>
    <INSTANCE xmlns:xsi="http://www.w3.org/2001/XMLSchema-instance" xsi:type="modelPathway">
        <code>00362</code>
        <idpathway>173</idpathway>
        <name>Benzoate degradation</name>
    </INSTANCE>
    <INSTANCE xmlns:xsi="http://www.w3.org/2001/XMLSchema-instance" xsi:type="modelPathway">
        <code>00627</code>
        <idpathway>174</idpathway>
        <name>Aminobenzoate degradation</name>
    </INSTANCE>
    <INSTANCE xmlns:xsi="http://www.w3.org/2001/XMLSchema-instance" xsi:type="modelPathway">
        <code>00364</code>
        <idpathway>175</idpathway>
        <name>Fluorobenzoate degradation</name>
    </INSTANCE>
    <INSTANCE xmlns:xsi="http://www.w3.org/2001/XMLSchema-instance" xsi:type="modelPathway">
        <code>00625</code>
        <idpathway>176</idpathway>
        <name>Chloroalkane and chloroalkene degradation</name>
    </INSTANCE>
    <INSTANCE xmlns:xsi="http://www.w3.org/2001/XMLSchema-instance" xsi:type="modelPathway">
        <code>00361</code>
        <idpathway>177</idpathway>
        <name>Chlorocyclohexane and chlorobenzene degradation</name>
    </INSTANCE>
    <INSTANCE xmlns:xsi="http://www.w3.org/2001/XMLSchema-instance" xsi:type="modelPathway">
        <code>00623</code>
        <idpathway>178</idpathway>
        <name>Toluene degradation</name>
    </INSTANCE>
    <INSTANCE xmlns:xsi="http://www.w3.org/2001/XMLSchema-instance" xsi:type="modelPathway">
        <code>00622</code>
        <idpathway>179</idpathway>
        <name>Xylene degradation</name>
    </INSTANCE>
    <INSTANCE xmlns:xsi="http://www.w3.org/2001/XMLSchema-instance" xsi:type="modelPathway">
        <code>00633</code>
        <idpathway>180</idpathway>
        <name>Nitrotoluene degradation</name>
    </INSTANCE>
    <INSTANCE xmlns:xsi="http://www.w3.org/2001/XMLSchema-instance" xsi:type="modelPathway">
        <code>00642</code>
        <idpathway>181</idpathway>
        <name>Ethylbenzene degradation</name>
    </INSTANCE>
    <INSTANCE xmlns:xsi="http://www.w3.org/2001/XMLSchema-instance" xsi:type="modelPathway">
        <code>00643</code>
        <idpathway>182</idpathway>
        <name>Styrene degradation</name>
    </INSTANCE>
    <INSTANCE xmlns:xsi="http://www.w3.org/2001/XMLSchema-instance" xsi:type="modelPathway">
        <code>00791</code>
        <idpathway>183</idpathway>
        <name>Atrazine degradation</name>
    </INSTANCE>
    <INSTANCE xmlns:xsi="http://www.w3.org/2001/XMLSchema-instance" xsi:type="modelPathway">
        <code>00930</code>
        <idpathway>184</idpathway>
        <name>Caprolactam degradation</name>
    </INSTANCE>
    <INSTANCE xmlns:xsi="http://www.w3.org/2001/XMLSchema-instance" xsi:type="modelPathway">
        <code>00363</code>
        <idpathway>185</idpathway>
        <name>Bisphenol degradation</name>
    </INSTANCE>
    <INSTANCE xmlns:xsi="http://www.w3.org/2001/XMLSchema-instance" xsi:type="modelPathway">
        <code>00621</code>
        <idpathway>186</idpathway>
        <name>Dioxin degradation</name>
    </INSTANCE>
    <INSTANCE xmlns:xsi="http://www.w3.org/2001/XMLSchema-instance" xsi:type="modelPathway">
        <code>00626</code>
        <idpathway>187</idpathway>
        <name>Naphthalene degradation</name>
    </INSTANCE>
    <INSTANCE xmlns:xsi="http://www.w3.org/2001/XMLSchema-instance" xsi:type="modelPathway">
        <code>00624</code>
        <idpathway>188</idpathway>
        <name>Polycyclic aromatic hydrocarbon degradation</name>
    </INSTANCE>
    <INSTANCE xmlns:xsi="http://www.w3.org/2001/XMLSchema-instance" xsi:type="modelPathway">
        <code>00365</code>
        <idpathway>189</idpathway>
        <name>Furfural degradation</name>
    </INSTANCE>
    <INSTANCE xmlns:xsi="http://www.w3.org/2001/XMLSchema-instance" xsi:type="modelPathway">
        <code>00984</code>
        <idpathway>190</idpathway>
        <name>Steroid degradation</name>
    </INSTANCE>
    <INSTANCE xmlns:xsi="http://www.w3.org/2001/XMLSchema-instance" xsi:type="modelPathway">
        <code>00980</code>
        <idpathway>191</idpathway>
        <name>Metabolism of xenobiotics by cytochrome P450</name>
    </INSTANCE>
    <INSTANCE xmlns:xsi="http://www.w3.org/2001/XMLSchema-instance" xsi:type="modelPathway">
        <code>00982</code>
        <idpathway>192</idpathway>
        <name>Drug metabolism - cytochrome P450</name>
    </INSTANCE>
    <INSTANCE xmlns:xsi="http://www.w3.org/2001/XMLSchema-instance" xsi:type="modelPathway">
        <code>00983</code>
        <idpathway>193</idpathway>
        <name>Drug metabolism - other enzymes</name>
    </INSTANCE>
    <INSTANCE xmlns:xsi="http://www.w3.org/2001/XMLSchema-instance" xsi:type="modelPathway">
        <code></code>
        <idpathway>194</idpathway>
        <name>Metabolism of cofactors and vitamins</name>
    </INSTANCE>
    <INSTANCE xmlns:xsi="http://www.w3.org/2001/XMLSchema-instance" xsi:type="modelPathway">
        <code>00730</code>
        <idpathway>195</idpathway>
        <name>Thiamine metabolism</name>
    </INSTANCE>
    <INSTANCE xmlns:xsi="http://www.w3.org/2001/XMLSchema-instance" xsi:type="modelPathway">
        <code>00740</code>
        <idpathway>196</idpathway>
        <name>Riboflavin metabolism</name>
    </INSTANCE>
    <INSTANCE xmlns:xsi="http://www.w3.org/2001/XMLSchema-instance" xsi:type="modelPathway">
        <code>00750</code>
        <idpathway>197</idpathway>
        <name>Vitamin B6 metabolism</name>
    </INSTANCE>
    <INSTANCE xmlns:xsi="http://www.w3.org/2001/XMLSchema-instance" xsi:type="modelPathway">
        <code>00760</code>
        <idpathway>198</idpathway>
        <name>Nicotinate and nicotinamide metabolism</name>
    </INSTANCE>
    <INSTANCE xmlns:xsi="http://www.w3.org/2001/XMLSchema-instance" xsi:type="modelPathway">
        <code>00770</code>
        <idpathway>199</idpathway>
        <name>Pantothenate and CoA biosynthesis</name>
    </INSTANCE>
    <INSTANCE xmlns:xsi="http://www.w3.org/2001/XMLSchema-instance" xsi:type="modelPathway">
        <code>00780</code>
        <idpathway>200</idpathway>
        <name>Biotin metabolism</name>
    </INSTANCE>
    <INSTANCE xmlns:xsi="http://www.w3.org/2001/XMLSchema-instance" xsi:type="modelPathway">
        <code>00785</code>
        <idpathway>201</idpathway>
        <name>Lipoic acid metabolism</name>
    </INSTANCE>
    <INSTANCE xmlns:xsi="http://www.w3.org/2001/XMLSchema-instance" xsi:type="modelPathway">
        <code>00790</code>
        <idpathway>202</idpathway>
        <name>Folate biosynthesis</name>
    </INSTANCE>
    <INSTANCE xmlns:xsi="http://www.w3.org/2001/XMLSchema-instance" xsi:type="modelPathway">
        <code>00670</code>
        <idpathway>203</idpathway>
        <name>One carbon pool by folate</name>
    </INSTANCE>
    <INSTANCE xmlns:xsi="http://www.w3.org/2001/XMLSchema-instance" xsi:type="modelPathway">
        <code>00830</code>
        <idpathway>204</idpathway>
        <name>Retinol metabolism</name>
    </INSTANCE>
    <INSTANCE xmlns:xsi="http://www.w3.org/2001/XMLSchema-instance" xsi:type="modelPathway">
        <code>00860</code>
        <idpathway>205</idpathway>
        <name>Porphyrin and chlorophyll metabolism</name>
    </INSTANCE>
    <INSTANCE xmlns:xsi="http://www.w3.org/2001/XMLSchema-instance" xsi:type="modelPathway">
        <code>00130</code>
        <idpathway>206</idpathway>
        <name>Ubiquinone and other terpenoid-quinone biosynthesis</name>
    </INSTANCE>
    <INSTANCE xmlns:xsi="http://www.w3.org/2001/XMLSchema-instance" xsi:type="modelPathway">
        <code></code>
        <idpathway>207</idpathway>
        <name>Lipid metabolism</name>
    </INSTANCE>
    <INSTANCE xmlns:xsi="http://www.w3.org/2001/XMLSchema-instance" xsi:type="modelPathway">
        <code>00061</code>
        <idpathway>208</idpathway>
        <name>Fatty acid biosynthesis</name>
    </INSTANCE>
    <INSTANCE xmlns:xsi="http://www.w3.org/2001/XMLSchema-instance" xsi:type="modelPathway">
        <code>00062</code>
        <idpathway>209</idpathway>
        <name>Fatty acid elongation</name>
    </INSTANCE>
    <INSTANCE xmlns:xsi="http://www.w3.org/2001/XMLSchema-instance" xsi:type="modelPathway">
        <code>00071</code>
        <idpathway>210</idpathway>
        <name>Fatty acid degradation</name>
    </INSTANCE>
    <INSTANCE xmlns:xsi="http://www.w3.org/2001/XMLSchema-instance" xsi:type="modelPathway">
        <code>00072</code>
        <idpathway>211</idpathway>
        <name>Synthesis and degradation of ketone bodies</name>
    </INSTANCE>
    <INSTANCE xmlns:xsi="http://www.w3.org/2001/XMLSchema-instance" xsi:type="modelPathway">
        <code>00073</code>
        <idpathway>212</idpathway>
        <name>Cutin, suberine and wax biosynthesis</name>
    </INSTANCE>
    <INSTANCE xmlns:xsi="http://www.w3.org/2001/XMLSchema-instance" xsi:type="modelPathway">
        <code>00100</code>
        <idpathway>213</idpathway>
        <name>Steroid biosynthesis</name>
    </INSTANCE>
    <INSTANCE xmlns:xsi="http://www.w3.org/2001/XMLSchema-instance" xsi:type="modelPathway">
        <code>00120</code>
        <idpathway>214</idpathway>
        <name>Primary bile acid biosynthesis</name>
    </INSTANCE>
    <INSTANCE xmlns:xsi="http://www.w3.org/2001/XMLSchema-instance" xsi:type="modelPathway">
        <code>00140</code>
        <idpathway>215</idpathway>
        <name>Steroid hormone biosynthesis</name>
    </INSTANCE>
    <INSTANCE xmlns:xsi="http://www.w3.org/2001/XMLSchema-instance" xsi:type="modelPathway">
        <code>00561</code>
        <idpathway>216</idpathway>
        <name>Glycerolipid metabolism</name>
    </INSTANCE>
    <INSTANCE xmlns:xsi="http://www.w3.org/2001/XMLSchema-instance" xsi:type="modelPathway">
        <code>00564</code>
        <idpathway>217</idpathway>
        <name>Glycerophospholipid metabolism</name>
    </INSTANCE>
    <INSTANCE xmlns:xsi="http://www.w3.org/2001/XMLSchema-instance" xsi:type="modelPathway">
        <code>00565</code>
        <idpathway>218</idpathway>
        <name>Ether lipid metabolism</name>
    </INSTANCE>
    <INSTANCE xmlns:xsi="http://www.w3.org/2001/XMLSchema-instance" xsi:type="modelPathway">
        <code>00600</code>
        <idpathway>219</idpathway>
        <name>Sphingolipid metabolism</name>
    </INSTANCE>
    <INSTANCE xmlns:xsi="http://www.w3.org/2001/XMLSchema-instance" xsi:type="modelPathway">
        <code>00590</code>
        <idpathway>220</idpathway>
        <name>Arachidonic acid metabolism</name>
    </INSTANCE>
    <INSTANCE xmlns:xsi="http://www.w3.org/2001/XMLSchema-instance" xsi:type="modelPathway">
        <code>00591</code>
        <idpathway>221</idpathway>
        <name>Linoleic acid metabolism</name>
    </INSTANCE>
    <INSTANCE xmlns:xsi="http://www.w3.org/2001/XMLSchema-instance" xsi:type="modelPathway">
        <code>00592</code>
        <idpathway>222</idpathway>
        <name>alpha-Linolenic acid metabolism</name>
    </INSTANCE>
    <INSTANCE xmlns:xsi="http://www.w3.org/2001/XMLSchema-instance" xsi:type="modelPathway">
        <code>01040</code>
        <idpathway>223</idpathway>
        <name>Biosynthesis of unsaturated fatty acids</name>
    </INSTANCE>
    <INSTANCE xmlns:xsi="http://www.w3.org/2001/XMLSchema-instance" xsi:type="modelPathway">
        <code>SPONT</code>
        <idpathway>224</idpathway>
        <name>Spontaneous</name>
    </INSTANCE>
    <INSTANCE xmlns:xsi="http://www.w3.org/2001/XMLSchema-instance" xsi:type="modelPathway">
        <code>NOENZ</code>
        <idpathway>225</idpathway>
        <name>Non enzymatic</name>
    </INSTANCE>
    <intancesClass>pt.uminho.ceb.biosystems.merlin.entities.model.ModelPathway</intancesClass>
</ENTITY>
