<?xml version="1.0" encoding="UTF-8" standalone="yes"?>
<ENTITY>
    <INSTANCE xmlns:xsi="http://www.w3.org/2001/XMLSchema-instance" xsi:type="modelSuperpathway">
        <id>
            <pathwayIdpathway>7</pathwayIdpathway>
            <superpathway>1</superpathway>
        </id>
    </INSTANCE>
    <INSTANCE xmlns:xsi="http://www.w3.org/2001/XMLSchema-instance" xsi:type="modelSuperpathway">
        <id>
            <pathwayIdpathway>8</pathwayIdpathway>
            <superpathway>6</superpathway>
        </id>
    </INSTANCE>
    <INSTANCE xmlns:xsi="http://www.w3.org/2001/XMLSchema-instance" xsi:type="modelSuperpathway">
        <id>
            <pathwayIdpathway>9</pathwayIdpathway>
            <superpathway>5</superpathway>
        </id>
    </INSTANCE>
    <INSTANCE xmlns:xsi="http://www.w3.org/2001/XMLSchema-instance" xsi:type="modelSuperpathway">
        <id>
            <pathwayIdpathway>10</pathwayIdpathway>
            <superpathway>3</superpathway>
        </id>
    </INSTANCE>
    <INSTANCE xmlns:xsi="http://www.w3.org/2001/XMLSchema-instance" xsi:type="modelSuperpathway">
        <id>
            <pathwayIdpathway>11</pathwayIdpathway>
            <superpathway>2</superpathway>
        </id>
    </INSTANCE>
    <INSTANCE xmlns:xsi="http://www.w3.org/2001/XMLSchema-instance" xsi:type="modelSuperpathway">
        <id>
            <pathwayIdpathway>12</pathwayIdpathway>
            <superpathway>4</superpathway>
        </id>
    </INSTANCE>
    <INSTANCE xmlns:xsi="http://www.w3.org/2001/XMLSchema-instance" xsi:type="modelSuperpathway">
        <id>
            <pathwayIdpathway>13</pathwayIdpathway>
            <superpathway>4</superpathway>
        </id>
    </INSTANCE>
    <INSTANCE xmlns:xsi="http://www.w3.org/2001/XMLSchema-instance" xsi:type="modelSuperpathway">
        <id>
            <pathwayIdpathway>14</pathwayIdpathway>
            <superpathway>5</superpathway>
        </id>
    </INSTANCE>
    <INSTANCE xmlns:xsi="http://www.w3.org/2001/XMLSchema-instance" xsi:type="modelSuperpathway">
        <id>
            <pathwayIdpathway>15</pathwayIdpathway>
            <superpathway>1</superpathway>
        </id>
    </INSTANCE>
    <INSTANCE xmlns:xsi="http://www.w3.org/2001/XMLSchema-instance" xsi:type="modelSuperpathway">
        <id>
            <pathwayIdpathway>16</pathwayIdpathway>
            <superpathway>10</superpathway>
        </id>
    </INSTANCE>
    <INSTANCE xmlns:xsi="http://www.w3.org/2001/XMLSchema-instance" xsi:type="modelSuperpathway">
        <id>
            <pathwayIdpathway>17</pathwayIdpathway>
            <superpathway>8</superpathway>
        </id>
    </INSTANCE>
    <INSTANCE xmlns:xsi="http://www.w3.org/2001/XMLSchema-instance" xsi:type="modelSuperpathway">
        <id>
            <pathwayIdpathway>18</pathwayIdpathway>
            <superpathway>11</superpathway>
        </id>
    </INSTANCE>
    <INSTANCE xmlns:xsi="http://www.w3.org/2001/XMLSchema-instance" xsi:type="modelSuperpathway">
        <id>
            <pathwayIdpathway>19</pathwayIdpathway>
            <superpathway>4</superpathway>
        </id>
    </INSTANCE>
    <INSTANCE xmlns:xsi="http://www.w3.org/2001/XMLSchema-instance" xsi:type="modelSuperpathway">
        <id>
            <pathwayIdpathway>20</pathwayIdpathway>
            <superpathway>1</superpathway>
        </id>
    </INSTANCE>
    <INSTANCE xmlns:xsi="http://www.w3.org/2001/XMLSchema-instance" xsi:type="modelSuperpathway">
        <id>
            <pathwayIdpathway>21</pathwayIdpathway>
            <superpathway>5</superpathway>
        </id>
    </INSTANCE>
    <INSTANCE xmlns:xsi="http://www.w3.org/2001/XMLSchema-instance" xsi:type="modelSuperpathway">
        <id>
            <pathwayIdpathway>22</pathwayIdpathway>
            <superpathway>4</superpathway>
        </id>
    </INSTANCE>
    <INSTANCE xmlns:xsi="http://www.w3.org/2001/XMLSchema-instance" xsi:type="modelSuperpathway">
        <id>
            <pathwayIdpathway>23</pathwayIdpathway>
            <superpathway>2</superpathway>
        </id>
    </INSTANCE>
    <INSTANCE xmlns:xsi="http://www.w3.org/2001/XMLSchema-instance" xsi:type="modelSuperpathway">
        <id>
            <pathwayIdpathway>24</pathwayIdpathway>
            <superpathway>10</superpathway>
        </id>
    </INSTANCE>
    <INSTANCE xmlns:xsi="http://www.w3.org/2001/XMLSchema-instance" xsi:type="modelSuperpathway">
        <id>
            <pathwayIdpathway>25</pathwayIdpathway>
            <superpathway>1</superpathway>
        </id>
    </INSTANCE>
    <INSTANCE xmlns:xsi="http://www.w3.org/2001/XMLSchema-instance" xsi:type="modelSuperpathway">
        <id>
            <pathwayIdpathway>26</pathwayIdpathway>
            <superpathway>5</superpathway>
        </id>
    </INSTANCE>
    <INSTANCE xmlns:xsi="http://www.w3.org/2001/XMLSchema-instance" xsi:type="modelSuperpathway">
        <id>
            <pathwayIdpathway>27</pathwayIdpathway>
            <superpathway>4</superpathway>
        </id>
    </INSTANCE>
    <INSTANCE xmlns:xsi="http://www.w3.org/2001/XMLSchema-instance" xsi:type="modelSuperpathway">
        <id>
            <pathwayIdpathway>28</pathwayIdpathway>
            <superpathway>6</superpathway>
        </id>
    </INSTANCE>
    <INSTANCE xmlns:xsi="http://www.w3.org/2001/XMLSchema-instance" xsi:type="modelSuperpathway">
        <id>
            <pathwayIdpathway>29</pathwayIdpathway>
            <superpathway>10</superpathway>
        </id>
    </INSTANCE>
    <INSTANCE xmlns:xsi="http://www.w3.org/2001/XMLSchema-instance" xsi:type="modelSuperpathway">
        <id>
            <pathwayIdpathway>30</pathwayIdpathway>
            <superpathway>1</superpathway>
        </id>
    </INSTANCE>
    <INSTANCE xmlns:xsi="http://www.w3.org/2001/XMLSchema-instance" xsi:type="modelSuperpathway">
        <id>
            <pathwayIdpathway>31</pathwayIdpathway>
            <superpathway>5</superpathway>
        </id>
    </INSTANCE>
    <INSTANCE xmlns:xsi="http://www.w3.org/2001/XMLSchema-instance" xsi:type="modelSuperpathway">
        <id>
            <pathwayIdpathway>32</pathwayIdpathway>
            <superpathway>2</superpathway>
        </id>
    </INSTANCE>
    <INSTANCE xmlns:xsi="http://www.w3.org/2001/XMLSchema-instance" xsi:type="modelSuperpathway">
        <id>
            <pathwayIdpathway>33</pathwayIdpathway>
            <superpathway>10</superpathway>
        </id>
    </INSTANCE>
    <INSTANCE xmlns:xsi="http://www.w3.org/2001/XMLSchema-instance" xsi:type="modelSuperpathway">
        <id>
            <pathwayIdpathway>34</pathwayIdpathway>
            <superpathway>6</superpathway>
        </id>
    </INSTANCE>
    <INSTANCE xmlns:xsi="http://www.w3.org/2001/XMLSchema-instance" xsi:type="modelSuperpathway">
        <id>
            <pathwayIdpathway>35</pathwayIdpathway>
            <superpathway>1</superpathway>
        </id>
    </INSTANCE>
    <INSTANCE xmlns:xsi="http://www.w3.org/2001/XMLSchema-instance" xsi:type="modelSuperpathway">
        <id>
            <pathwayIdpathway>36</pathwayIdpathway>
            <superpathway>5</superpathway>
        </id>
    </INSTANCE>
    <INSTANCE xmlns:xsi="http://www.w3.org/2001/XMLSchema-instance" xsi:type="modelSuperpathway">
        <id>
            <pathwayIdpathway>37</pathwayIdpathway>
            <superpathway>6</superpathway>
        </id>
    </INSTANCE>
    <INSTANCE xmlns:xsi="http://www.w3.org/2001/XMLSchema-instance" xsi:type="modelSuperpathway">
        <id>
            <pathwayIdpathway>38</pathwayIdpathway>
            <superpathway>10</superpathway>
        </id>
    </INSTANCE>
    <INSTANCE xmlns:xsi="http://www.w3.org/2001/XMLSchema-instance" xsi:type="modelSuperpathway">
        <id>
            <pathwayIdpathway>39</pathwayIdpathway>
            <superpathway>1</superpathway>
        </id>
    </INSTANCE>
    <INSTANCE xmlns:xsi="http://www.w3.org/2001/XMLSchema-instance" xsi:type="modelSuperpathway">
        <id>
            <pathwayIdpathway>40</pathwayIdpathway>
            <superpathway>5</superpathway>
        </id>
    </INSTANCE>
    <INSTANCE xmlns:xsi="http://www.w3.org/2001/XMLSchema-instance" xsi:type="modelSuperpathway">
        <id>
            <pathwayIdpathway>41</pathwayIdpathway>
            <superpathway>1</superpathway>
        </id>
    </INSTANCE>
    <INSTANCE xmlns:xsi="http://www.w3.org/2001/XMLSchema-instance" xsi:type="modelSuperpathway">
        <id>
            <pathwayIdpathway>42</pathwayIdpathway>
            <superpathway>5</superpathway>
        </id>
    </INSTANCE>
    <INSTANCE xmlns:xsi="http://www.w3.org/2001/XMLSchema-instance" xsi:type="modelSuperpathway">
        <id>
            <pathwayIdpathway>43</pathwayIdpathway>
            <superpathway>3</superpathway>
        </id>
    </INSTANCE>
    <INSTANCE xmlns:xsi="http://www.w3.org/2001/XMLSchema-instance" xsi:type="modelSuperpathway">
        <id>
            <pathwayIdpathway>44</pathwayIdpathway>
            <superpathway>1</superpathway>
        </id>
    </INSTANCE>
    <INSTANCE xmlns:xsi="http://www.w3.org/2001/XMLSchema-instance" xsi:type="modelSuperpathway">
        <id>
            <pathwayIdpathway>45</pathwayIdpathway>
            <superpathway>5</superpathway>
        </id>
    </INSTANCE>
    <INSTANCE xmlns:xsi="http://www.w3.org/2001/XMLSchema-instance" xsi:type="modelSuperpathway">
        <id>
            <pathwayIdpathway>46</pathwayIdpathway>
            <superpathway>43</superpathway>
        </id>
    </INSTANCE>
    <INSTANCE xmlns:xsi="http://www.w3.org/2001/XMLSchema-instance" xsi:type="modelSuperpathway">
        <id>
            <pathwayIdpathway>47</pathwayIdpathway>
            <superpathway>1</superpathway>
        </id>
    </INSTANCE>
    <INSTANCE xmlns:xsi="http://www.w3.org/2001/XMLSchema-instance" xsi:type="modelSuperpathway">
        <id>
            <pathwayIdpathway>48</pathwayIdpathway>
            <superpathway>5</superpathway>
        </id>
    </INSTANCE>
    <INSTANCE xmlns:xsi="http://www.w3.org/2001/XMLSchema-instance" xsi:type="modelSuperpathway">
        <id>
            <pathwayIdpathway>49</pathwayIdpathway>
            <superpathway>43</superpathway>
        </id>
    </INSTANCE>
    <INSTANCE xmlns:xsi="http://www.w3.org/2001/XMLSchema-instance" xsi:type="modelSuperpathway">
        <id>
            <pathwayIdpathway>50</pathwayIdpathway>
            <superpathway>1</superpathway>
        </id>
    </INSTANCE>
    <INSTANCE xmlns:xsi="http://www.w3.org/2001/XMLSchema-instance" xsi:type="modelSuperpathway">
        <id>
            <pathwayIdpathway>51</pathwayIdpathway>
            <superpathway>43</superpathway>
        </id>
    </INSTANCE>
    <INSTANCE xmlns:xsi="http://www.w3.org/2001/XMLSchema-instance" xsi:type="modelSuperpathway">
        <id>
            <pathwayIdpathway>52</pathwayIdpathway>
            <superpathway>1</superpathway>
        </id>
    </INSTANCE>
    <INSTANCE xmlns:xsi="http://www.w3.org/2001/XMLSchema-instance" xsi:type="modelSuperpathway">
        <id>
            <pathwayIdpathway>53</pathwayIdpathway>
            <superpathway>43</superpathway>
        </id>
    </INSTANCE>
    <INSTANCE xmlns:xsi="http://www.w3.org/2001/XMLSchema-instance" xsi:type="modelSuperpathway">
        <id>
            <pathwayIdpathway>54</pathwayIdpathway>
            <superpathway>43</superpathway>
        </id>
    </INSTANCE>
    <INSTANCE xmlns:xsi="http://www.w3.org/2001/XMLSchema-instance" xsi:type="modelSuperpathway">
        <id>
            <pathwayIdpathway>55</pathwayIdpathway>
            <superpathway>43</superpathway>
        </id>
    </INSTANCE>
    <INSTANCE xmlns:xsi="http://www.w3.org/2001/XMLSchema-instance" xsi:type="modelSuperpathway">
        <id>
            <pathwayIdpathway>56</pathwayIdpathway>
            <superpathway>43</superpathway>
        </id>
    </INSTANCE>
    <INSTANCE xmlns:xsi="http://www.w3.org/2001/XMLSchema-instance" xsi:type="modelSuperpathway">
        <id>
            <pathwayIdpathway>57</pathwayIdpathway>
            <superpathway>43</superpathway>
        </id>
    </INSTANCE>
    <INSTANCE xmlns:xsi="http://www.w3.org/2001/XMLSchema-instance" xsi:type="modelSuperpathway">
        <id>
            <pathwayIdpathway>58</pathwayIdpathway>
            <superpathway>43</superpathway>
        </id>
    </INSTANCE>
    <INSTANCE xmlns:xsi="http://www.w3.org/2001/XMLSchema-instance" xsi:type="modelSuperpathway">
        <id>
            <pathwayIdpathway>59</pathwayIdpathway>
            <superpathway>3</superpathway>
        </id>
    </INSTANCE>
    <INSTANCE xmlns:xsi="http://www.w3.org/2001/XMLSchema-instance" xsi:type="modelSuperpathway">
        <id>
            <pathwayIdpathway>60</pathwayIdpathway>
            <superpathway>59</superpathway>
        </id>
    </INSTANCE>
    <INSTANCE xmlns:xsi="http://www.w3.org/2001/XMLSchema-instance" xsi:type="modelSuperpathway">
        <id>
            <pathwayIdpathway>61</pathwayIdpathway>
            <superpathway>59</superpathway>
        </id>
    </INSTANCE>
    <INSTANCE xmlns:xsi="http://www.w3.org/2001/XMLSchema-instance" xsi:type="modelSuperpathway">
        <id>
            <pathwayIdpathway>62</pathwayIdpathway>
            <superpathway>59</superpathway>
        </id>
    </INSTANCE>
    <INSTANCE xmlns:xsi="http://www.w3.org/2001/XMLSchema-instance" xsi:type="modelSuperpathway">
        <id>
            <pathwayIdpathway>63</pathwayIdpathway>
            <superpathway>59</superpathway>
        </id>
    </INSTANCE>
    <INSTANCE xmlns:xsi="http://www.w3.org/2001/XMLSchema-instance" xsi:type="modelSuperpathway">
        <id>
            <pathwayIdpathway>64</pathwayIdpathway>
            <superpathway>59</superpathway>
        </id>
    </INSTANCE>
    <INSTANCE xmlns:xsi="http://www.w3.org/2001/XMLSchema-instance" xsi:type="modelSuperpathway">
        <id>
            <pathwayIdpathway>65</pathwayIdpathway>
            <superpathway>59</superpathway>
        </id>
    </INSTANCE>
    <INSTANCE xmlns:xsi="http://www.w3.org/2001/XMLSchema-instance" xsi:type="modelSuperpathway">
        <id>
            <pathwayIdpathway>66</pathwayIdpathway>
            <superpathway>59</superpathway>
        </id>
    </INSTANCE>
    <INSTANCE xmlns:xsi="http://www.w3.org/2001/XMLSchema-instance" xsi:type="modelSuperpathway">
        <id>
            <pathwayIdpathway>67</pathwayIdpathway>
            <superpathway>59</superpathway>
        </id>
    </INSTANCE>
    <INSTANCE xmlns:xsi="http://www.w3.org/2001/XMLSchema-instance" xsi:type="modelSuperpathway">
        <id>
            <pathwayIdpathway>68</pathwayIdpathway>
            <superpathway>59</superpathway>
        </id>
    </INSTANCE>
    <INSTANCE xmlns:xsi="http://www.w3.org/2001/XMLSchema-instance" xsi:type="modelSuperpathway">
        <id>
            <pathwayIdpathway>69</pathwayIdpathway>
            <superpathway>3</superpathway>
        </id>
    </INSTANCE>
    <INSTANCE xmlns:xsi="http://www.w3.org/2001/XMLSchema-instance" xsi:type="modelSuperpathway">
        <id>
            <pathwayIdpathway>70</pathwayIdpathway>
            <superpathway>69</superpathway>
        </id>
    </INSTANCE>
    <INSTANCE xmlns:xsi="http://www.w3.org/2001/XMLSchema-instance" xsi:type="modelSuperpathway">
        <id>
            <pathwayIdpathway>71</pathwayIdpathway>
            <superpathway>69</superpathway>
        </id>
    </INSTANCE>
    <INSTANCE xmlns:xsi="http://www.w3.org/2001/XMLSchema-instance" xsi:type="modelSuperpathway">
        <id>
            <pathwayIdpathway>72</pathwayIdpathway>
            <superpathway>69</superpathway>
        </id>
    </INSTANCE>
    <INSTANCE xmlns:xsi="http://www.w3.org/2001/XMLSchema-instance" xsi:type="modelSuperpathway">
        <id>
            <pathwayIdpathway>73</pathwayIdpathway>
            <superpathway>69</superpathway>
        </id>
    </INSTANCE>
    <INSTANCE xmlns:xsi="http://www.w3.org/2001/XMLSchema-instance" xsi:type="modelSuperpathway">
        <id>
            <pathwayIdpathway>74</pathwayIdpathway>
            <superpathway>69</superpathway>
        </id>
    </INSTANCE>
    <INSTANCE xmlns:xsi="http://www.w3.org/2001/XMLSchema-instance" xsi:type="modelSuperpathway">
        <id>
            <pathwayIdpathway>75</pathwayIdpathway>
            <superpathway>69</superpathway>
        </id>
    </INSTANCE>
    <INSTANCE xmlns:xsi="http://www.w3.org/2001/XMLSchema-instance" xsi:type="modelSuperpathway">
        <id>
            <pathwayIdpathway>76</pathwayIdpathway>
            <superpathway>69</superpathway>
        </id>
    </INSTANCE>
    <INSTANCE xmlns:xsi="http://www.w3.org/2001/XMLSchema-instance" xsi:type="modelSuperpathway">
        <id>
            <pathwayIdpathway>77</pathwayIdpathway>
            <superpathway>69</superpathway>
        </id>
    </INSTANCE>
    <INSTANCE xmlns:xsi="http://www.w3.org/2001/XMLSchema-instance" xsi:type="modelSuperpathway">
        <id>
            <pathwayIdpathway>78</pathwayIdpathway>
            <superpathway>69</superpathway>
        </id>
    </INSTANCE>
    <INSTANCE xmlns:xsi="http://www.w3.org/2001/XMLSchema-instance" xsi:type="modelSuperpathway">
        <id>
            <pathwayIdpathway>79</pathwayIdpathway>
            <superpathway>69</superpathway>
        </id>
    </INSTANCE>
    <INSTANCE xmlns:xsi="http://www.w3.org/2001/XMLSchema-instance" xsi:type="modelSuperpathway">
        <id>
            <pathwayIdpathway>80</pathwayIdpathway>
            <superpathway>69</superpathway>
        </id>
    </INSTANCE>
    <INSTANCE xmlns:xsi="http://www.w3.org/2001/XMLSchema-instance" xsi:type="modelSuperpathway">
        <id>
            <pathwayIdpathway>81</pathwayIdpathway>
            <superpathway>69</superpathway>
        </id>
    </INSTANCE>
    <INSTANCE xmlns:xsi="http://www.w3.org/2001/XMLSchema-instance" xsi:type="modelSuperpathway">
        <id>
            <pathwayIdpathway>82</pathwayIdpathway>
            <superpathway>69</superpathway>
        </id>
    </INSTANCE>
    <INSTANCE xmlns:xsi="http://www.w3.org/2001/XMLSchema-instance" xsi:type="modelSuperpathway">
        <id>
            <pathwayIdpathway>83</pathwayIdpathway>
            <superpathway>69</superpathway>
        </id>
    </INSTANCE>
    <INSTANCE xmlns:xsi="http://www.w3.org/2001/XMLSchema-instance" xsi:type="modelSuperpathway">
        <id>
            <pathwayIdpathway>84</pathwayIdpathway>
            <superpathway>69</superpathway>
        </id>
    </INSTANCE>
    <INSTANCE xmlns:xsi="http://www.w3.org/2001/XMLSchema-instance" xsi:type="modelSuperpathway">
        <id>
            <pathwayIdpathway>85</pathwayIdpathway>
            <superpathway>3</superpathway>
        </id>
    </INSTANCE>
    <INSTANCE xmlns:xsi="http://www.w3.org/2001/XMLSchema-instance" xsi:type="modelSuperpathway">
        <id>
            <pathwayIdpathway>86</pathwayIdpathway>
            <superpathway>85</superpathway>
        </id>
    </INSTANCE>
    <INSTANCE xmlns:xsi="http://www.w3.org/2001/XMLSchema-instance" xsi:type="modelSuperpathway">
        <id>
            <pathwayIdpathway>87</pathwayIdpathway>
            <superpathway>85</superpathway>
        </id>
    </INSTANCE>
    <INSTANCE xmlns:xsi="http://www.w3.org/2001/XMLSchema-instance" xsi:type="modelSuperpathway">
        <id>
            <pathwayIdpathway>88</pathwayIdpathway>
            <superpathway>85</superpathway>
        </id>
    </INSTANCE>
    <INSTANCE xmlns:xsi="http://www.w3.org/2001/XMLSchema-instance" xsi:type="modelSuperpathway">
        <id>
            <pathwayIdpathway>89</pathwayIdpathway>
            <superpathway>85</superpathway>
        </id>
    </INSTANCE>
    <INSTANCE xmlns:xsi="http://www.w3.org/2001/XMLSchema-instance" xsi:type="modelSuperpathway">
        <id>
            <pathwayIdpathway>90</pathwayIdpathway>
            <superpathway>85</superpathway>
        </id>
    </INSTANCE>
    <INSTANCE xmlns:xsi="http://www.w3.org/2001/XMLSchema-instance" xsi:type="modelSuperpathway">
        <id>
            <pathwayIdpathway>91</pathwayIdpathway>
            <superpathway>85</superpathway>
        </id>
    </INSTANCE>
    <INSTANCE xmlns:xsi="http://www.w3.org/2001/XMLSchema-instance" xsi:type="modelSuperpathway">
        <id>
            <pathwayIdpathway>92</pathwayIdpathway>
            <superpathway>85</superpathway>
        </id>
    </INSTANCE>
    <INSTANCE xmlns:xsi="http://www.w3.org/2001/XMLSchema-instance" xsi:type="modelSuperpathway">
        <id>
            <pathwayIdpathway>93</pathwayIdpathway>
            <superpathway>85</superpathway>
        </id>
    </INSTANCE>
    <INSTANCE xmlns:xsi="http://www.w3.org/2001/XMLSchema-instance" xsi:type="modelSuperpathway">
        <id>
            <pathwayIdpathway>94</pathwayIdpathway>
            <superpathway>85</superpathway>
        </id>
    </INSTANCE>
    <INSTANCE xmlns:xsi="http://www.w3.org/2001/XMLSchema-instance" xsi:type="modelSuperpathway">
        <id>
            <pathwayIdpathway>95</pathwayIdpathway>
            <superpathway>85</superpathway>
        </id>
    </INSTANCE>
    <INSTANCE xmlns:xsi="http://www.w3.org/2001/XMLSchema-instance" xsi:type="modelSuperpathway">
        <id>
            <pathwayIdpathway>96</pathwayIdpathway>
            <superpathway>85</superpathway>
        </id>
    </INSTANCE>
    <INSTANCE xmlns:xsi="http://www.w3.org/2001/XMLSchema-instance" xsi:type="modelSuperpathway">
        <id>
            <pathwayIdpathway>97</pathwayIdpathway>
            <superpathway>85</superpathway>
        </id>
    </INSTANCE>
    <INSTANCE xmlns:xsi="http://www.w3.org/2001/XMLSchema-instance" xsi:type="modelSuperpathway">
        <id>
            <pathwayIdpathway>98</pathwayIdpathway>
            <superpathway>85</superpathway>
        </id>
    </INSTANCE>
    <INSTANCE xmlns:xsi="http://www.w3.org/2001/XMLSchema-instance" xsi:type="modelSuperpathway">
        <id>
            <pathwayIdpathway>99</pathwayIdpathway>
            <superpathway>85</superpathway>
        </id>
    </INSTANCE>
    <INSTANCE xmlns:xsi="http://www.w3.org/2001/XMLSchema-instance" xsi:type="modelSuperpathway">
        <id>
            <pathwayIdpathway>100</pathwayIdpathway>
            <superpathway>3</superpathway>
        </id>
    </INSTANCE>
    <INSTANCE xmlns:xsi="http://www.w3.org/2001/XMLSchema-instance" xsi:type="modelSuperpathway">
        <id>
            <pathwayIdpathway>101</pathwayIdpathway>
            <superpathway>100</superpathway>
        </id>
    </INSTANCE>
    <INSTANCE xmlns:xsi="http://www.w3.org/2001/XMLSchema-instance" xsi:type="modelSuperpathway">
        <id>
            <pathwayIdpathway>102</pathwayIdpathway>
            <superpathway>100</superpathway>
        </id>
    </INSTANCE>
    <INSTANCE xmlns:xsi="http://www.w3.org/2001/XMLSchema-instance" xsi:type="modelSuperpathway">
        <id>
            <pathwayIdpathway>103</pathwayIdpathway>
            <superpathway>3</superpathway>
        </id>
    </INSTANCE>
    <INSTANCE xmlns:xsi="http://www.w3.org/2001/XMLSchema-instance" xsi:type="modelSuperpathway">
        <id>
            <pathwayIdpathway>104</pathwayIdpathway>
            <superpathway>103</superpathway>
        </id>
    </INSTANCE>
    <INSTANCE xmlns:xsi="http://www.w3.org/2001/XMLSchema-instance" xsi:type="modelSuperpathway">
        <id>
            <pathwayIdpathway>105</pathwayIdpathway>
            <superpathway>103</superpathway>
        </id>
    </INSTANCE>
    <INSTANCE xmlns:xsi="http://www.w3.org/2001/XMLSchema-instance" xsi:type="modelSuperpathway">
        <id>
            <pathwayIdpathway>106</pathwayIdpathway>
            <superpathway>103</superpathway>
        </id>
    </INSTANCE>
    <INSTANCE xmlns:xsi="http://www.w3.org/2001/XMLSchema-instance" xsi:type="modelSuperpathway">
        <id>
            <pathwayIdpathway>107</pathwayIdpathway>
            <superpathway>103</superpathway>
        </id>
    </INSTANCE>
    <INSTANCE xmlns:xsi="http://www.w3.org/2001/XMLSchema-instance" xsi:type="modelSuperpathway">
        <id>
            <pathwayIdpathway>108</pathwayIdpathway>
            <superpathway>103</superpathway>
        </id>
    </INSTANCE>
    <INSTANCE xmlns:xsi="http://www.w3.org/2001/XMLSchema-instance" xsi:type="modelSuperpathway">
        <id>
            <pathwayIdpathway>109</pathwayIdpathway>
            <superpathway>103</superpathway>
        </id>
    </INSTANCE>
    <INSTANCE xmlns:xsi="http://www.w3.org/2001/XMLSchema-instance" xsi:type="modelSuperpathway">
        <id>
            <pathwayIdpathway>110</pathwayIdpathway>
            <superpathway>103</superpathway>
        </id>
    </INSTANCE>
    <INSTANCE xmlns:xsi="http://www.w3.org/2001/XMLSchema-instance" xsi:type="modelSuperpathway">
        <id>
            <pathwayIdpathway>111</pathwayIdpathway>
            <superpathway>103</superpathway>
        </id>
    </INSTANCE>
    <INSTANCE xmlns:xsi="http://www.w3.org/2001/XMLSchema-instance" xsi:type="modelSuperpathway">
        <id>
            <pathwayIdpathway>112</pathwayIdpathway>
            <superpathway>103</superpathway>
        </id>
    </INSTANCE>
    <INSTANCE xmlns:xsi="http://www.w3.org/2001/XMLSchema-instance" xsi:type="modelSuperpathway">
        <id>
            <pathwayIdpathway>113</pathwayIdpathway>
            <superpathway>103</superpathway>
        </id>
    </INSTANCE>
    <INSTANCE xmlns:xsi="http://www.w3.org/2001/XMLSchema-instance" xsi:type="modelSuperpathway">
        <id>
            <pathwayIdpathway>114</pathwayIdpathway>
            <superpathway>103</superpathway>
        </id>
    </INSTANCE>
    <INSTANCE xmlns:xsi="http://www.w3.org/2001/XMLSchema-instance" xsi:type="modelSuperpathway">
        <id>
            <pathwayIdpathway>115</pathwayIdpathway>
            <superpathway>103</superpathway>
        </id>
    </INSTANCE>
    <INSTANCE xmlns:xsi="http://www.w3.org/2001/XMLSchema-instance" xsi:type="modelSuperpathway">
        <id>
            <pathwayIdpathway>116</pathwayIdpathway>
            <superpathway>103</superpathway>
        </id>
    </INSTANCE>
    <INSTANCE xmlns:xsi="http://www.w3.org/2001/XMLSchema-instance" xsi:type="modelSuperpathway">
        <id>
            <pathwayIdpathway>117</pathwayIdpathway>
            <superpathway>103</superpathway>
        </id>
    </INSTANCE>
    <INSTANCE xmlns:xsi="http://www.w3.org/2001/XMLSchema-instance" xsi:type="modelSuperpathway">
        <id>
            <pathwayIdpathway>118</pathwayIdpathway>
            <superpathway>103</superpathway>
        </id>
    </INSTANCE>
    <INSTANCE xmlns:xsi="http://www.w3.org/2001/XMLSchema-instance" xsi:type="modelSuperpathway">
        <id>
            <pathwayIdpathway>119</pathwayIdpathway>
            <superpathway>103</superpathway>
        </id>
    </INSTANCE>
    <INSTANCE xmlns:xsi="http://www.w3.org/2001/XMLSchema-instance" xsi:type="modelSuperpathway">
        <id>
            <pathwayIdpathway>120</pathwayIdpathway>
            <superpathway>103</superpathway>
        </id>
    </INSTANCE>
    <INSTANCE xmlns:xsi="http://www.w3.org/2001/XMLSchema-instance" xsi:type="modelSuperpathway">
        <id>
            <pathwayIdpathway>121</pathwayIdpathway>
            <superpathway>103</superpathway>
        </id>
    </INSTANCE>
    <INSTANCE xmlns:xsi="http://www.w3.org/2001/XMLSchema-instance" xsi:type="modelSuperpathway">
        <id>
            <pathwayIdpathway>122</pathwayIdpathway>
            <superpathway>103</superpathway>
        </id>
    </INSTANCE>
    <INSTANCE xmlns:xsi="http://www.w3.org/2001/XMLSchema-instance" xsi:type="modelSuperpathway">
        <id>
            <pathwayIdpathway>123</pathwayIdpathway>
            <superpathway>103</superpathway>
        </id>
    </INSTANCE>
    <INSTANCE xmlns:xsi="http://www.w3.org/2001/XMLSchema-instance" xsi:type="modelSuperpathway">
        <id>
            <pathwayIdpathway>124</pathwayIdpathway>
            <superpathway>103</superpathway>
        </id>
    </INSTANCE>
    <INSTANCE xmlns:xsi="http://www.w3.org/2001/XMLSchema-instance" xsi:type="modelSuperpathway">
        <id>
            <pathwayIdpathway>125</pathwayIdpathway>
            <superpathway>103</superpathway>
        </id>
    </INSTANCE>
    <INSTANCE xmlns:xsi="http://www.w3.org/2001/XMLSchema-instance" xsi:type="modelSuperpathway">
        <id>
            <pathwayIdpathway>126</pathwayIdpathway>
            <superpathway>103</superpathway>
        </id>
    </INSTANCE>
    <INSTANCE xmlns:xsi="http://www.w3.org/2001/XMLSchema-instance" xsi:type="modelSuperpathway">
        <id>
            <pathwayIdpathway>127</pathwayIdpathway>
            <superpathway>103</superpathway>
        </id>
    </INSTANCE>
    <INSTANCE xmlns:xsi="http://www.w3.org/2001/XMLSchema-instance" xsi:type="modelSuperpathway">
        <id>
            <pathwayIdpathway>128</pathwayIdpathway>
            <superpathway>103</superpathway>
        </id>
    </INSTANCE>
    <INSTANCE xmlns:xsi="http://www.w3.org/2001/XMLSchema-instance" xsi:type="modelSuperpathway">
        <id>
            <pathwayIdpathway>129</pathwayIdpathway>
            <superpathway>103</superpathway>
        </id>
    </INSTANCE>
    <INSTANCE xmlns:xsi="http://www.w3.org/2001/XMLSchema-instance" xsi:type="modelSuperpathway">
        <id>
            <pathwayIdpathway>130</pathwayIdpathway>
            <superpathway>103</superpathway>
        </id>
    </INSTANCE>
    <INSTANCE xmlns:xsi="http://www.w3.org/2001/XMLSchema-instance" xsi:type="modelSuperpathway">
        <id>
            <pathwayIdpathway>131</pathwayIdpathway>
            <superpathway>103</superpathway>
        </id>
    </INSTANCE>
    <INSTANCE xmlns:xsi="http://www.w3.org/2001/XMLSchema-instance" xsi:type="modelSuperpathway">
        <id>
            <pathwayIdpathway>132</pathwayIdpathway>
            <superpathway>103</superpathway>
        </id>
    </INSTANCE>
    <INSTANCE xmlns:xsi="http://www.w3.org/2001/XMLSchema-instance" xsi:type="modelSuperpathway">
        <id>
            <pathwayIdpathway>133</pathwayIdpathway>
            <superpathway>103</superpathway>
        </id>
    </INSTANCE>
    <INSTANCE xmlns:xsi="http://www.w3.org/2001/XMLSchema-instance" xsi:type="modelSuperpathway">
        <id>
            <pathwayIdpathway>134</pathwayIdpathway>
            <superpathway>3</superpathway>
        </id>
    </INSTANCE>
    <INSTANCE xmlns:xsi="http://www.w3.org/2001/XMLSchema-instance" xsi:type="modelSuperpathway">
        <id>
            <pathwayIdpathway>135</pathwayIdpathway>
            <superpathway>134</superpathway>
        </id>
    </INSTANCE>
    <INSTANCE xmlns:xsi="http://www.w3.org/2001/XMLSchema-instance" xsi:type="modelSuperpathway">
        <id>
            <pathwayIdpathway>136</pathwayIdpathway>
            <superpathway>134</superpathway>
        </id>
    </INSTANCE>
    <INSTANCE xmlns:xsi="http://www.w3.org/2001/XMLSchema-instance" xsi:type="modelSuperpathway">
        <id>
            <pathwayIdpathway>137</pathwayIdpathway>
            <superpathway>134</superpathway>
        </id>
    </INSTANCE>
    <INSTANCE xmlns:xsi="http://www.w3.org/2001/XMLSchema-instance" xsi:type="modelSuperpathway">
        <id>
            <pathwayIdpathway>138</pathwayIdpathway>
            <superpathway>134</superpathway>
        </id>
    </INSTANCE>
    <INSTANCE xmlns:xsi="http://www.w3.org/2001/XMLSchema-instance" xsi:type="modelSuperpathway">
        <id>
            <pathwayIdpathway>139</pathwayIdpathway>
            <superpathway>134</superpathway>
        </id>
    </INSTANCE>
    <INSTANCE xmlns:xsi="http://www.w3.org/2001/XMLSchema-instance" xsi:type="modelSuperpathway">
        <id>
            <pathwayIdpathway>140</pathwayIdpathway>
            <superpathway>134</superpathway>
        </id>
    </INSTANCE>
    <INSTANCE xmlns:xsi="http://www.w3.org/2001/XMLSchema-instance" xsi:type="modelSuperpathway">
        <id>
            <pathwayIdpathway>141</pathwayIdpathway>
            <superpathway>134</superpathway>
        </id>
    </INSTANCE>
    <INSTANCE xmlns:xsi="http://www.w3.org/2001/XMLSchema-instance" xsi:type="modelSuperpathway">
        <id>
            <pathwayIdpathway>142</pathwayIdpathway>
            <superpathway>134</superpathway>
        </id>
    </INSTANCE>
    <INSTANCE xmlns:xsi="http://www.w3.org/2001/XMLSchema-instance" xsi:type="modelSuperpathway">
        <id>
            <pathwayIdpathway>143</pathwayIdpathway>
            <superpathway>134</superpathway>
        </id>
    </INSTANCE>
    <INSTANCE xmlns:xsi="http://www.w3.org/2001/XMLSchema-instance" xsi:type="modelSuperpathway">
        <id>
            <pathwayIdpathway>144</pathwayIdpathway>
            <superpathway>134</superpathway>
        </id>
    </INSTANCE>
    <INSTANCE xmlns:xsi="http://www.w3.org/2001/XMLSchema-instance" xsi:type="modelSuperpathway">
        <id>
            <pathwayIdpathway>145</pathwayIdpathway>
            <superpathway>134</superpathway>
        </id>
    </INSTANCE>
    <INSTANCE xmlns:xsi="http://www.w3.org/2001/XMLSchema-instance" xsi:type="modelSuperpathway">
        <id>
            <pathwayIdpathway>146</pathwayIdpathway>
            <superpathway>134</superpathway>
        </id>
    </INSTANCE>
    <INSTANCE xmlns:xsi="http://www.w3.org/2001/XMLSchema-instance" xsi:type="modelSuperpathway">
        <id>
            <pathwayIdpathway>147</pathwayIdpathway>
            <superpathway>134</superpathway>
        </id>
    </INSTANCE>
    <INSTANCE xmlns:xsi="http://www.w3.org/2001/XMLSchema-instance" xsi:type="modelSuperpathway">
        <id>
            <pathwayIdpathway>148</pathwayIdpathway>
            <superpathway>134</superpathway>
        </id>
    </INSTANCE>
    <INSTANCE xmlns:xsi="http://www.w3.org/2001/XMLSchema-instance" xsi:type="modelSuperpathway">
        <id>
            <pathwayIdpathway>149</pathwayIdpathway>
            <superpathway>134</superpathway>
        </id>
    </INSTANCE>
    <INSTANCE xmlns:xsi="http://www.w3.org/2001/XMLSchema-instance" xsi:type="modelSuperpathway">
        <id>
            <pathwayIdpathway>150</pathwayIdpathway>
            <superpathway>134</superpathway>
        </id>
    </INSTANCE>
    <INSTANCE xmlns:xsi="http://www.w3.org/2001/XMLSchema-instance" xsi:type="modelSuperpathway">
        <id>
            <pathwayIdpathway>151</pathwayIdpathway>
            <superpathway>134</superpathway>
        </id>
    </INSTANCE>
    <INSTANCE xmlns:xsi="http://www.w3.org/2001/XMLSchema-instance" xsi:type="modelSuperpathway">
        <id>
            <pathwayIdpathway>152</pathwayIdpathway>
            <superpathway>134</superpathway>
        </id>
    </INSTANCE>
    <INSTANCE xmlns:xsi="http://www.w3.org/2001/XMLSchema-instance" xsi:type="modelSuperpathway">
        <id>
            <pathwayIdpathway>153</pathwayIdpathway>
            <superpathway>134</superpathway>
        </id>
    </INSTANCE>
    <INSTANCE xmlns:xsi="http://www.w3.org/2001/XMLSchema-instance" xsi:type="modelSuperpathway">
        <id>
            <pathwayIdpathway>154</pathwayIdpathway>
            <superpathway>3</superpathway>
        </id>
    </INSTANCE>
    <INSTANCE xmlns:xsi="http://www.w3.org/2001/XMLSchema-instance" xsi:type="modelSuperpathway">
        <id>
            <pathwayIdpathway>155</pathwayIdpathway>
            <superpathway>154</superpathway>
        </id>
    </INSTANCE>
    <INSTANCE xmlns:xsi="http://www.w3.org/2001/XMLSchema-instance" xsi:type="modelSuperpathway">
        <id>
            <pathwayIdpathway>156</pathwayIdpathway>
            <superpathway>154</superpathway>
        </id>
    </INSTANCE>
    <INSTANCE xmlns:xsi="http://www.w3.org/2001/XMLSchema-instance" xsi:type="modelSuperpathway">
        <id>
            <pathwayIdpathway>157</pathwayIdpathway>
            <superpathway>154</superpathway>
        </id>
    </INSTANCE>
    <INSTANCE xmlns:xsi="http://www.w3.org/2001/XMLSchema-instance" xsi:type="modelSuperpathway">
        <id>
            <pathwayIdpathway>158</pathwayIdpathway>
            <superpathway>154</superpathway>
        </id>
    </INSTANCE>
    <INSTANCE xmlns:xsi="http://www.w3.org/2001/XMLSchema-instance" xsi:type="modelSuperpathway">
        <id>
            <pathwayIdpathway>159</pathwayIdpathway>
            <superpathway>154</superpathway>
        </id>
    </INSTANCE>
    <INSTANCE xmlns:xsi="http://www.w3.org/2001/XMLSchema-instance" xsi:type="modelSuperpathway">
        <id>
            <pathwayIdpathway>160</pathwayIdpathway>
            <superpathway>154</superpathway>
        </id>
    </INSTANCE>
    <INSTANCE xmlns:xsi="http://www.w3.org/2001/XMLSchema-instance" xsi:type="modelSuperpathway">
        <id>
            <pathwayIdpathway>161</pathwayIdpathway>
            <superpathway>154</superpathway>
        </id>
    </INSTANCE>
    <INSTANCE xmlns:xsi="http://www.w3.org/2001/XMLSchema-instance" xsi:type="modelSuperpathway">
        <id>
            <pathwayIdpathway>162</pathwayIdpathway>
            <superpathway>154</superpathway>
        </id>
    </INSTANCE>
    <INSTANCE xmlns:xsi="http://www.w3.org/2001/XMLSchema-instance" xsi:type="modelSuperpathway">
        <id>
            <pathwayIdpathway>163</pathwayIdpathway>
            <superpathway>154</superpathway>
        </id>
    </INSTANCE>
    <INSTANCE xmlns:xsi="http://www.w3.org/2001/XMLSchema-instance" xsi:type="modelSuperpathway">
        <id>
            <pathwayIdpathway>164</pathwayIdpathway>
            <superpathway>154</superpathway>
        </id>
    </INSTANCE>
    <INSTANCE xmlns:xsi="http://www.w3.org/2001/XMLSchema-instance" xsi:type="modelSuperpathway">
        <id>
            <pathwayIdpathway>165</pathwayIdpathway>
            <superpathway>154</superpathway>
        </id>
    </INSTANCE>
    <INSTANCE xmlns:xsi="http://www.w3.org/2001/XMLSchema-instance" xsi:type="modelSuperpathway">
        <id>
            <pathwayIdpathway>166</pathwayIdpathway>
            <superpathway>154</superpathway>
        </id>
    </INSTANCE>
    <INSTANCE xmlns:xsi="http://www.w3.org/2001/XMLSchema-instance" xsi:type="modelSuperpathway">
        <id>
            <pathwayIdpathway>167</pathwayIdpathway>
            <superpathway>154</superpathway>
        </id>
    </INSTANCE>
    <INSTANCE xmlns:xsi="http://www.w3.org/2001/XMLSchema-instance" xsi:type="modelSuperpathway">
        <id>
            <pathwayIdpathway>168</pathwayIdpathway>
            <superpathway>154</superpathway>
        </id>
    </INSTANCE>
    <INSTANCE xmlns:xsi="http://www.w3.org/2001/XMLSchema-instance" xsi:type="modelSuperpathway">
        <id>
            <pathwayIdpathway>169</pathwayIdpathway>
            <superpathway>154</superpathway>
        </id>
    </INSTANCE>
    <INSTANCE xmlns:xsi="http://www.w3.org/2001/XMLSchema-instance" xsi:type="modelSuperpathway">
        <id>
            <pathwayIdpathway>170</pathwayIdpathway>
            <superpathway>154</superpathway>
        </id>
    </INSTANCE>
    <INSTANCE xmlns:xsi="http://www.w3.org/2001/XMLSchema-instance" xsi:type="modelSuperpathway">
        <id>
            <pathwayIdpathway>171</pathwayIdpathway>
            <superpathway>3</superpathway>
        </id>
    </INSTANCE>
    <INSTANCE xmlns:xsi="http://www.w3.org/2001/XMLSchema-instance" xsi:type="modelSuperpathway">
        <id>
            <pathwayIdpathway>172</pathwayIdpathway>
            <superpathway>3</superpathway>
        </id>
    </INSTANCE>
    <INSTANCE xmlns:xsi="http://www.w3.org/2001/XMLSchema-instance" xsi:type="modelSuperpathway">
        <id>
            <pathwayIdpathway>173</pathwayIdpathway>
            <superpathway>172</superpathway>
        </id>
    </INSTANCE>
    <INSTANCE xmlns:xsi="http://www.w3.org/2001/XMLSchema-instance" xsi:type="modelSuperpathway">
        <id>
            <pathwayIdpathway>174</pathwayIdpathway>
            <superpathway>172</superpathway>
        </id>
    </INSTANCE>
    <INSTANCE xmlns:xsi="http://www.w3.org/2001/XMLSchema-instance" xsi:type="modelSuperpathway">
        <id>
            <pathwayIdpathway>175</pathwayIdpathway>
            <superpathway>172</superpathway>
        </id>
    </INSTANCE>
    <INSTANCE xmlns:xsi="http://www.w3.org/2001/XMLSchema-instance" xsi:type="modelSuperpathway">
        <id>
            <pathwayIdpathway>176</pathwayIdpathway>
            <superpathway>172</superpathway>
        </id>
    </INSTANCE>
    <INSTANCE xmlns:xsi="http://www.w3.org/2001/XMLSchema-instance" xsi:type="modelSuperpathway">
        <id>
            <pathwayIdpathway>177</pathwayIdpathway>
            <superpathway>172</superpathway>
        </id>
    </INSTANCE>
    <INSTANCE xmlns:xsi="http://www.w3.org/2001/XMLSchema-instance" xsi:type="modelSuperpathway">
        <id>
            <pathwayIdpathway>178</pathwayIdpathway>
            <superpathway>172</superpathway>
        </id>
    </INSTANCE>
    <INSTANCE xmlns:xsi="http://www.w3.org/2001/XMLSchema-instance" xsi:type="modelSuperpathway">
        <id>
            <pathwayIdpathway>179</pathwayIdpathway>
            <superpathway>172</superpathway>
        </id>
    </INSTANCE>
    <INSTANCE xmlns:xsi="http://www.w3.org/2001/XMLSchema-instance" xsi:type="modelSuperpathway">
        <id>
            <pathwayIdpathway>180</pathwayIdpathway>
            <superpathway>172</superpathway>
        </id>
    </INSTANCE>
    <INSTANCE xmlns:xsi="http://www.w3.org/2001/XMLSchema-instance" xsi:type="modelSuperpathway">
        <id>
            <pathwayIdpathway>181</pathwayIdpathway>
            <superpathway>172</superpathway>
        </id>
    </INSTANCE>
    <INSTANCE xmlns:xsi="http://www.w3.org/2001/XMLSchema-instance" xsi:type="modelSuperpathway">
        <id>
            <pathwayIdpathway>182</pathwayIdpathway>
            <superpathway>172</superpathway>
        </id>
    </INSTANCE>
    <INSTANCE xmlns:xsi="http://www.w3.org/2001/XMLSchema-instance" xsi:type="modelSuperpathway">
        <id>
            <pathwayIdpathway>183</pathwayIdpathway>
            <superpathway>172</superpathway>
        </id>
    </INSTANCE>
    <INSTANCE xmlns:xsi="http://www.w3.org/2001/XMLSchema-instance" xsi:type="modelSuperpathway">
        <id>
            <pathwayIdpathway>184</pathwayIdpathway>
            <superpathway>172</superpathway>
        </id>
    </INSTANCE>
    <INSTANCE xmlns:xsi="http://www.w3.org/2001/XMLSchema-instance" xsi:type="modelSuperpathway">
        <id>
            <pathwayIdpathway>185</pathwayIdpathway>
            <superpathway>172</superpathway>
        </id>
    </INSTANCE>
    <INSTANCE xmlns:xsi="http://www.w3.org/2001/XMLSchema-instance" xsi:type="modelSuperpathway">
        <id>
            <pathwayIdpathway>186</pathwayIdpathway>
            <superpathway>172</superpathway>
        </id>
    </INSTANCE>
    <INSTANCE xmlns:xsi="http://www.w3.org/2001/XMLSchema-instance" xsi:type="modelSuperpathway">
        <id>
            <pathwayIdpathway>187</pathwayIdpathway>
            <superpathway>172</superpathway>
        </id>
    </INSTANCE>
    <INSTANCE xmlns:xsi="http://www.w3.org/2001/XMLSchema-instance" xsi:type="modelSuperpathway">
        <id>
            <pathwayIdpathway>188</pathwayIdpathway>
            <superpathway>172</superpathway>
        </id>
    </INSTANCE>
    <INSTANCE xmlns:xsi="http://www.w3.org/2001/XMLSchema-instance" xsi:type="modelSuperpathway">
        <id>
            <pathwayIdpathway>189</pathwayIdpathway>
            <superpathway>172</superpathway>
        </id>
    </INSTANCE>
    <INSTANCE xmlns:xsi="http://www.w3.org/2001/XMLSchema-instance" xsi:type="modelSuperpathway">
        <id>
            <pathwayIdpathway>190</pathwayIdpathway>
            <superpathway>172</superpathway>
        </id>
    </INSTANCE>
    <INSTANCE xmlns:xsi="http://www.w3.org/2001/XMLSchema-instance" xsi:type="modelSuperpathway">
        <id>
            <pathwayIdpathway>191</pathwayIdpathway>
            <superpathway>172</superpathway>
        </id>
    </INSTANCE>
    <INSTANCE xmlns:xsi="http://www.w3.org/2001/XMLSchema-instance" xsi:type="modelSuperpathway">
        <id>
            <pathwayIdpathway>192</pathwayIdpathway>
            <superpathway>172</superpathway>
        </id>
    </INSTANCE>
    <INSTANCE xmlns:xsi="http://www.w3.org/2001/XMLSchema-instance" xsi:type="modelSuperpathway">
        <id>
            <pathwayIdpathway>193</pathwayIdpathway>
            <superpathway>172</superpathway>
        </id>
    </INSTANCE>
    <INSTANCE xmlns:xsi="http://www.w3.org/2001/XMLSchema-instance" xsi:type="modelSuperpathway">
        <id>
            <pathwayIdpathway>194</pathwayIdpathway>
            <superpathway>3</superpathway>
        </id>
    </INSTANCE>
    <INSTANCE xmlns:xsi="http://www.w3.org/2001/XMLSchema-instance" xsi:type="modelSuperpathway">
        <id>
            <pathwayIdpathway>195</pathwayIdpathway>
            <superpathway>194</superpathway>
        </id>
    </INSTANCE>
    <INSTANCE xmlns:xsi="http://www.w3.org/2001/XMLSchema-instance" xsi:type="modelSuperpathway">
        <id>
            <pathwayIdpathway>196</pathwayIdpathway>
            <superpathway>194</superpathway>
        </id>
    </INSTANCE>
    <INSTANCE xmlns:xsi="http://www.w3.org/2001/XMLSchema-instance" xsi:type="modelSuperpathway">
        <id>
            <pathwayIdpathway>197</pathwayIdpathway>
            <superpathway>194</superpathway>
        </id>
    </INSTANCE>
    <INSTANCE xmlns:xsi="http://www.w3.org/2001/XMLSchema-instance" xsi:type="modelSuperpathway">
        <id>
            <pathwayIdpathway>198</pathwayIdpathway>
            <superpathway>194</superpathway>
        </id>
    </INSTANCE>
    <INSTANCE xmlns:xsi="http://www.w3.org/2001/XMLSchema-instance" xsi:type="modelSuperpathway">
        <id>
            <pathwayIdpathway>199</pathwayIdpathway>
            <superpathway>194</superpathway>
        </id>
    </INSTANCE>
    <INSTANCE xmlns:xsi="http://www.w3.org/2001/XMLSchema-instance" xsi:type="modelSuperpathway">
        <id>
            <pathwayIdpathway>200</pathwayIdpathway>
            <superpathway>194</superpathway>
        </id>
    </INSTANCE>
    <INSTANCE xmlns:xsi="http://www.w3.org/2001/XMLSchema-instance" xsi:type="modelSuperpathway">
        <id>
            <pathwayIdpathway>201</pathwayIdpathway>
            <superpathway>194</superpathway>
        </id>
    </INSTANCE>
    <INSTANCE xmlns:xsi="http://www.w3.org/2001/XMLSchema-instance" xsi:type="modelSuperpathway">
        <id>
            <pathwayIdpathway>202</pathwayIdpathway>
            <superpathway>194</superpathway>
        </id>
    </INSTANCE>
    <INSTANCE xmlns:xsi="http://www.w3.org/2001/XMLSchema-instance" xsi:type="modelSuperpathway">
        <id>
            <pathwayIdpathway>203</pathwayIdpathway>
            <superpathway>194</superpathway>
        </id>
    </INSTANCE>
    <INSTANCE xmlns:xsi="http://www.w3.org/2001/XMLSchema-instance" xsi:type="modelSuperpathway">
        <id>
            <pathwayIdpathway>204</pathwayIdpathway>
            <superpathway>194</superpathway>
        </id>
    </INSTANCE>
    <INSTANCE xmlns:xsi="http://www.w3.org/2001/XMLSchema-instance" xsi:type="modelSuperpathway">
        <id>
            <pathwayIdpathway>205</pathwayIdpathway>
            <superpathway>194</superpathway>
        </id>
    </INSTANCE>
    <INSTANCE xmlns:xsi="http://www.w3.org/2001/XMLSchema-instance" xsi:type="modelSuperpathway">
        <id>
            <pathwayIdpathway>206</pathwayIdpathway>
            <superpathway>194</superpathway>
        </id>
    </INSTANCE>
    <INSTANCE xmlns:xsi="http://www.w3.org/2001/XMLSchema-instance" xsi:type="modelSuperpathway">
        <id>
            <pathwayIdpathway>207</pathwayIdpathway>
            <superpathway>3</superpathway>
        </id>
    </INSTANCE>
    <INSTANCE xmlns:xsi="http://www.w3.org/2001/XMLSchema-instance" xsi:type="modelSuperpathway">
        <id>
            <pathwayIdpathway>208</pathwayIdpathway>
            <superpathway>207</superpathway>
        </id>
    </INSTANCE>
    <INSTANCE xmlns:xsi="http://www.w3.org/2001/XMLSchema-instance" xsi:type="modelSuperpathway">
        <id>
            <pathwayIdpathway>209</pathwayIdpathway>
            <superpathway>207</superpathway>
        </id>
    </INSTANCE>
    <INSTANCE xmlns:xsi="http://www.w3.org/2001/XMLSchema-instance" xsi:type="modelSuperpathway">
        <id>
            <pathwayIdpathway>210</pathwayIdpathway>
            <superpathway>207</superpathway>
        </id>
    </INSTANCE>
    <INSTANCE xmlns:xsi="http://www.w3.org/2001/XMLSchema-instance" xsi:type="modelSuperpathway">
        <id>
            <pathwayIdpathway>211</pathwayIdpathway>
            <superpathway>207</superpathway>
        </id>
    </INSTANCE>
    <INSTANCE xmlns:xsi="http://www.w3.org/2001/XMLSchema-instance" xsi:type="modelSuperpathway">
        <id>
            <pathwayIdpathway>212</pathwayIdpathway>
            <superpathway>207</superpathway>
        </id>
    </INSTANCE>
    <INSTANCE xmlns:xsi="http://www.w3.org/2001/XMLSchema-instance" xsi:type="modelSuperpathway">
        <id>
            <pathwayIdpathway>213</pathwayIdpathway>
            <superpathway>207</superpathway>
        </id>
    </INSTANCE>
    <INSTANCE xmlns:xsi="http://www.w3.org/2001/XMLSchema-instance" xsi:type="modelSuperpathway">
        <id>
            <pathwayIdpathway>214</pathwayIdpathway>
            <superpathway>207</superpathway>
        </id>
    </INSTANCE>
    <INSTANCE xmlns:xsi="http://www.w3.org/2001/XMLSchema-instance" xsi:type="modelSuperpathway">
        <id>
            <pathwayIdpathway>215</pathwayIdpathway>
            <superpathway>207</superpathway>
        </id>
    </INSTANCE>
    <INSTANCE xmlns:xsi="http://www.w3.org/2001/XMLSchema-instance" xsi:type="modelSuperpathway">
        <id>
            <pathwayIdpathway>216</pathwayIdpathway>
            <superpathway>207</superpathway>
        </id>
    </INSTANCE>
    <INSTANCE xmlns:xsi="http://www.w3.org/2001/XMLSchema-instance" xsi:type="modelSuperpathway">
        <id>
            <pathwayIdpathway>217</pathwayIdpathway>
            <superpathway>207</superpathway>
        </id>
    </INSTANCE>
    <INSTANCE xmlns:xsi="http://www.w3.org/2001/XMLSchema-instance" xsi:type="modelSuperpathway">
        <id>
            <pathwayIdpathway>218</pathwayIdpathway>
            <superpathway>207</superpathway>
        </id>
    </INSTANCE>
    <INSTANCE xmlns:xsi="http://www.w3.org/2001/XMLSchema-instance" xsi:type="modelSuperpathway">
        <id>
            <pathwayIdpathway>219</pathwayIdpathway>
            <superpathway>207</superpathway>
        </id>
    </INSTANCE>
    <INSTANCE xmlns:xsi="http://www.w3.org/2001/XMLSchema-instance" xsi:type="modelSuperpathway">
        <id>
            <pathwayIdpathway>220</pathwayIdpathway>
            <superpathway>207</superpathway>
        </id>
    </INSTANCE>
    <INSTANCE xmlns:xsi="http://www.w3.org/2001/XMLSchema-instance" xsi:type="modelSuperpathway">
        <id>
            <pathwayIdpathway>221</pathwayIdpathway>
            <superpathway>207</superpathway>
        </id>
    </INSTANCE>
    <INSTANCE xmlns:xsi="http://www.w3.org/2001/XMLSchema-instance" xsi:type="modelSuperpathway">
        <id>
            <pathwayIdpathway>222</pathwayIdpathway>
            <superpathway>207</superpathway>
        </id>
    </INSTANCE>
    <INSTANCE xmlns:xsi="http://www.w3.org/2001/XMLSchema-instance" xsi:type="modelSuperpathway">
        <id>
            <pathwayIdpathway>223</pathwayIdpathway>
            <superpathway>207</superpathway>
        </id>
    </INSTANCE>
    <intancesClass>pt.uminho.ceb.biosystems.merlin.entities.model.ModelSuperpathway</intancesClass>
</ENTITY>
